preprocessed_text,label_sentiment
hah ini buku teks terbit mana di buku teks kurikulum merdeka terbit kemdikbudristek semua materi sudah punya perspektif tara gender kerja rumah laku dengan gotong royong di ilustrasi pun yang sapu amp kepel bukan cuma anak perempuan,negatif
untuk temanteman yang sulit paham kurikulum merdeka saya bantu lalu kronologi sulit besar karena sampai final sebut kurikulum merdeka menteri terbit banyak nama kurikulum kurikulum merdeka ganti kurikulum inspirasi dari,negatif
dalam naskah akademik kurikulum merdeka dorong ajar diferensiasi tuju agar harap praktik tinggal kelas atau tidak naik kelas dapat tinggal pada satu sisi harap ini sungguh mulia pada sisi lain ini arti guru harus lebih kerja keras dalam,positif
enggak perlu pindah negara ke jerman atau australia indonesia sekarang punya kurikulum yang fokus pada materi esensial sehingga anakanak bisa ajar dengan lebih dalam insyaallah hari ini kurikulum merdeka akan tetap bagai kurikulum nasional simak di,positif
cth kecil pdf buku mtk kls ini buku kurikulum merdeka respon ajar sama yang ajar gimana pusing enggak erti acakacakan lebih enak yang dulu langsung cara hell yh yang kasih ke anakanak ini kalo dari belum taxonomy struktur hierarki yang identify terampil pikir mulai dari,positif
telah kurikulum merdeka ajar sejarah smasederajat susut dari jp kurtilas susut jadi jp kurikulum merdeka ikut lembar sejarah darah yang hilang tread,positif
kurikulum merdeka adalah kurikulum tergajelas anak kelas sd suruh bikin prakarya dan jual terus hitung untung rugi permisi anak saya masih ndusel ke leher saya kalau mau tidur suruh cari laba hasil jual gantung kunci,negatif
matematika lanjut kelas semester transformasi geometri guna matriks materi kelas matematika minat transformasi geometri semester kurikulum merdeka kurmer translasi,netral
kurikulum merdeka merdeka laku sex bebas merdeka laku perudungan merdeka hajar guru merdeka laku cabul kepada murid merdeka laku apa saja di kelas,positif
tenwayvx karena kurikulum merdeka itu orientasi pada proses nder bukan pada hasil acu adalah nilai para ajar dapat amat dan selesai masalah lalu lima aspek utama yaitu potensi diri daya diri tingkat diri paham diri peran sosial,positif
kurikulum dulu pahlawan menteri buka uud kali waji hapal di luar kepala kurikulum nadiem makarim,netral
kurikulum merdeka jadi guru merdeka laku hal kreatif hadap serta didik keren damn kemdikbud ri,positif
tanyakanrl kurikulum merdeka bebas mau paham apa enggak,netral
tuju indonesia cemas masmenteri nadiem makariem ini realita dari hasil kurikulum merdeka ajar,positif
kenapa kurikulum merdeka jadi tinggal kelas bagai pilih akhir kurikulum merdeka jadi sistem tinggal kelas jadi pilih akhir karena kembang ajar tiap murid adalah fokus utama bukan hanya nilai semata kurikulummerdeka merdekabelajar,positif
partaisocmed pecat karena tidak bisa kerja cepat inovasi seperti nadiem makarim yang prestasi bikin kurikulum merdeka kurang subsidi naik ukt lalu sedia student loan seperti mau baginda,positif
sejak kisruh skp dalam pmm desember januari seliwer pesan beranta macam ini di grupgrup guru tapi sampai saat ini kirim pesan beranta tidak berani tunjuk identitas baik tingkat nasional dinas didik hingga sekolah cara resmi,positif
parapparaa manusiaintrover sekolah gerak adalah sekolah yang pertama kali adopsi kurikulum merdeka seleksi lalu kepala sekolah yang mau laku transformasi ajar,positif
ini di buku teks didik pancasila kelas sdmi ya bisa baca dan unduh gratis di ayuk ibu bapak cek dan encourage sekolah untuk pakai kurikulum merdeka terbit kemdikbudristek harga lebih murah isi lebih kualitas,positif
jika kritik kurikulum merdeka tidak cocok laku cara nasional,positif
memang iya kurikulum merdeka kayak gin siapa nih guru jelasin dong ini nama bukan merdeka tapi derita sc tt,netral
ini serius kurikulum merdeka mau di ganti lagiapalah dunia ini,positif
ini hasil karya kurikulum merdeka rezim sekarang apa terus kita diam saja pasrah enggak ikut politik an,negatif
baca alas hapus jurus kurikulum merdeka ini saya tuju dulu nyaksiin sendiri teman maksa pindah ke swasta supaya dapat jurus ipa padahal dia enggak mau,negatif
gue saudara lakilaki korban ubah kurikulum merdeka,negatif
fisika kelas semester dinamika partikel by gabriellstrn materi kelas fisika dinamika partikel semester kurikulum merdeka kurmer,netral
kalau turut saya buku kurikulum merdeka yang sekarang ini bagus sih karena push murid untuk pikir lebih kritis bahkan cryptarithm yang orangorang tahu dari coc adek saya sudah dapat ajar,positif
kurikulum merdeka murid merdeka bebas mau paham apa enggak,netral
ini hasil kurikulum merdeka,netral
hasil kurikulum merdeka nadiemmakarim panjang osis banyak yang enggak tau kurikulum gagal dan menteri gagal,negatif
kurikulummerdeka al karena desa un tiada ada desa nilai murid laku sekolah sendiri karena proses ajar itu ada tanggungjawa langsung kabkota di era otonomidaerah kurikulummerdeka beri wenang sekolahguru untuk susun kurikulumsilabus sesuai sekolah,positif
selamat atas luncur sastra masuk kurikulum baca sastra kini jadi bagi dari kurikulum merdeka banyak judul telah rasi oleh para kurator pilih mana yang masuk jenjang didik sd sampai hingga sma lengkap bisa kepo,negatif
adiemappunya tanyakanrl daripada misuh lebih arah kaget telah baca struktur kurikulum merdeka transisi jauh banget beda banget sampai anak sama bisa pilih mapel pilih tuh woow mana bates transisi cuma sampai moga kejar deh siap tenaga dan fasilitas ajar nya,negatif
gess tahu enggak kenapa gin karena sekarang kurikulum nya merdeka enggak ada sistem enggak naik kelas un tiada saya bagai guru juga pusing ubah terus kurikulum terus merdeka urus anak begini dan bikin administrasi banyak terus gaji kidding what di you think,positif
bahassoalfess saya duga bahwa konsep dasar atau alas mengapa kata banding balik nilai itu asal dari materi atur bagi yang sudah ajar di kelas kurikulum merdeka anyway ini baru hipotesis sih entah benar atau tidak konsep sebut asal dari sini,positif
un yang baik kualitas soal amp tuju asesmennya untuk meta bahkan dipretelin zonasi beranta bikin anakanak enggak sekolah amp kurikulum merdeka implementasi bikin sulit guru snbt uji mata ajar hilang dosa jokowi paling akbar itu nadiem,negatif
kurikulum merdeka anggap bakal bikin anakanak jadi progresif risk taker strategic thinker bla bla bla benerin tuh concept mastery baru integrated knowledge amp transfer set deh ibarat passing saja belum benar sudah omong pressing dan high defense line keblinger,positif
memang enggak jelas arah didik sekarang ini bilang merdeka nyata bahkan makin kekang dengan sistem yang rumit dan enggak jelas kata temen sistem kurikulum merdeka sekarang itu murid ajar sendiri guru sibuk administrasi kan ngaco,positif
serius ini tehnik kurikulum merdeka nadiemmakarim kemdikbud asa main ular tangga kasih yang mudah buat yang susah pantas anak pada stres dan iq nya pun rendah di asean,positif
temanteman ada yang mau bantuin sender buat isi kuisioner ga masih butuh responden lagi kriteria guru bahasa inggris kelas guna buku kurikulum merdeka,netral
fisika kelas semester vektor by gabriellstrn materi kelas fisika vektor semester kurikulum merdeka kurmer,netral
output didik kurikulum merdeka kemdikbud ri besut nadiemmakarim sih menteri didik gagal kurikulummerdeka,negatif
kurikulum merdeka kalau ada yang rumit kapai pilih yang gampang ngik,negatif
kurikulum merdeka buat sd itu pas bagi rapo ada sistem rangking enggak ya tia,positif
kurikulum merdeka,netral
kurikulum orang kurikulum merdeka,netral
guyss kalian yang sama nya pakai kurikulum merdeka pusing juga enggak sih sama tugas,negatif
kurikulum merdeka itu letak merdeka mana ya,negatif
adek aku pakai kurikulum merdeka nah dia sudah naik kls minta les kata biar dapat ptn lebih baik les nya pas kls saja gasih dia tadi dapat rangking begitu,positif
smenjak kurikulum merdeka saya jadi takut sekolah bejir rasa kayak enggak tenang gelisah dan waswas melulu kalo mau berangkat,negatif
kalau bahasa inggris nya kurikulum merdeka itu apa ya ada yang tau,netral
gue sebel sama beban kelompok anjenkkkkkkk kurikulum merdeka kenapa kelompok melulu sih tugas syal,negatif
nadiem makariem kembali buat gebrak bijak itu ia beri nama merdeka ajar kampus merdeka dalam papar bijak itu sebut tidak ada empat poin yang jadi program utama nadiem apa saja,positif
rill kurikulum merdeka ajar enggak ajar tetap merdeka ngomongngomong memang semir itu pernah bantu ngerjain pr keponakan sd kls doi kan iya harus jawab yang ada di soal itu ada semua iya sesuai bahan baca buku paket ini enggak bahkan yang ada aku repot harus cari dulu,positif
belakang sedikit ikut topik tentang kurikulum merdeka baru ingat dulu gue pas kuliah pernah tulis curhatan tentang kurikulum yang nyata mirip dengan konsep kurikulum merdeka sekarang untung ada wayback machine jadi bisa lihat lagi postingan lama gue repost lagi sini,negatif
kurikulum baru kurikulum merdeka memang masuk bahasa inggris namun upa mata ajar pilih bayang jauh dengan malaysia bahasa antar,positif
solusi cepat kurikulum merdeka,positif
kurikulum merdeka budaya meng tetap baca repitisie dan menghapla ajar ipa meski sudah di ruma,positif
habis kena culture shock ajar bocil sd kurikulum merdeka di sekolah dipraktekin enggak cara enggak kak cuma ajar di papan tulis arti iya tapi temen kamu paham semua materi enggak,positif
sender anak kurikulum merdeka asli pusing banget mana full gambar kemarin hari ini dan besok full makalah sender bisa gila,positif
mdy iya bagaimana iya beliau kan lebih expe di bisnis tapi taruh di bagi didik tuh kayak bagaimana begitu dari awal juga yang waktu sama pak anies saja yang kurtilas rasa beban padahal pak anies ahli apalagi ini kurikulum merdeka cerita tapi bahkan bikin pusing,negatif
kurikulum merdeka ajar jadi ajar enggak ajar bebas semua lulus enggak ada hapalan rpul rpal enggak ada iya ini hasil,positif
tobiin barisanpemudari kurikulum merdeka ajar bas projek enak ini enggak textbook bisa belaajr dari praktik lebih tempel di otak esensial sesuai bakat dan minat ini sih konsep yang bener,positif
jika sebut kurikulum merdeka ajar tidak cocok terap cara nasional terima kasih puang jk klik untuk baca kompascom baca berita tanpa iklan download aplikasi,positif
merdeka ajar ini juga dari kurikulum itu sendiri yang sebut kurikulum merdeka perintah atau badan yang urus kurikulum keluar siapa capai ajar yang isi apaapa yang harus capai anakanak apa yang akan ajar dan tuntun bagi terbit swasta,positif
krougee enggak kurikulum merdeka itu enggak cocok buat banyak household di indonesia iya kalau di rumah lingkung suka baca buku suka diskusi ilmu sampai orang tua ngarahin anak ajar ini dari situ ajar ini dari sini wali murid banyak mah mikirnya ajar iya di sekolah doang,positif
e monyet aku main gim biar enggak gila serang tugastugas kurikulum merdeka yang kayak tahi itu iya anjeng validasi validasi mata kamu picek sini kepala kamu aku hedsot pakai dulu,positif
suara demorakasi rupa salah satu agenda dalam projek kuat profil ajar pancasila pada implementasi kurikulum merdeka di sekolah kait suara demokrasi sekolah kami laku giat pilih ketua dan wakil ketua osismpk,positif
wakil presiden dan ri jusuf kalla beberapa waktu lalu kritik kurikulum merdeka ajar yang terap mendikbudristek nadiem makarim tidak cocok terap di indonesia turut jika kurikulim ini hanya cocok terap di beberapa sekolah namun tidak pas,positif
yang sebenwrnya bikin saya gereget adalah anak paksa untuk naik kelas saat dia benar belum mampu kurikulum merdeka juga enggak bikin mereka jadi bisa ajar mandiri justru tambah males administrasi guru banyak tapi gaji kecil,positif
prabowo terima limpah pr yang begitu besar sektor didik mulai dari kurikulum merdeka hingga baik infrstruktur didik baca tulis hasanudin wahid sekjen pk dan anggota dprri yang artikel ini telah tayang di dengan judul nanti,positif
elisa jkt iya kan kurikulum merdeka merdeka lulus merdeka ajar merdeka juga bloonnya bebas mau erti ajar atau tidak bebas mau ajar atau tidak bebas mau tawur atau enggak entah kurikulum yang total salah atau ejawantah yang salah,positif
liaasister kurikulum merdeka merdeka mau pengin pintar apa goblog merdeka ke sekolah bawa buku atau sajam yang penting tiap tahun naik kelas,positif
anak saya ambruk akademik nya waktu mondok di pondok pesantren yang terap kurikulum merdeka harus hafal quran minimal juz telah pindah pondok yang khusus kaji kita dan ilmu hadis ajar akademik nya bahkan jauh kembang paham kita nya juga bagus,positif
areumdawn diabara tanyakanrl kak dari jaman aku sd jauh belum kurikulum merdeka dulu masih ktsp alih ke pun sudah gaboleh ada siswa yang enggak naik kelas guru tuntut katrol nilai siswa sampai atas kkm meski enggak mumpuni jadi faktor bukan hanya kurikulum saja,positif
makin kuat prasangka gue dan zonasi kurikulum merdeka enggak ada asesmen standar untuk mapel finladia wannabe pmm abai hadap kapasitas guru pegang itu semua adalah skema nadiem untuk busuk negeri,negatif
yang gagal itu sdm nya enggak sih kurikulum merdeka ini bagus loh benar tapi mental warga saja yang belum siap sekian puluh tahun di jajah iya mental nya mental budak bukan mental merdeka toh kalaupun ada kurang turut saya lebih ke dewasa sdm nya guru dosen dsb,positif
pada kurikulum merdeka sumber ajar sangat agam tidak hanya ajar di dalam kelas,positif
ini kurikulum merdeka orang tua asal percaya aja anak jadi rusak,negatif
dengan kurikulum merdeka saat ini jika gaji guru akan ada tingkat signifikan kualitas didik didik itu bukan tentang kurikulum tapi tentang pimpin sekolah dan orangorang di sekolah,netral
hasil kerja kurikulum merdeka nadiem bagai mendikbud lulus sekolah indonesia tidak aku dan harus tempuh proses khusus untuk dapat lanjut di university of twente terima kasih pak jokowi,negatif
kurikulum merdeka masih bisa enggak naik kelas walau itu opsi akhir akhir tafsir bahwa kurikulum merdeka harus semua anak naik kelas padahal iya bisa saja sih enggak naik,positif
kurikulum didik nusantara anak kelas sd diniyah plus kurikulum merdeka baru masuk paksa tulis tentang definisi kode etik dalam tik di mata ajar tik apa urgensi begitu lho kirakira sih nadiemkarim paham enggak perkara etik tik ini,negatif
indonesia darurat keras seksual di sekolah kurikulum merdeka bisa apa,negatif
enggak bisa kata guru beda mapel seko dulu dan yang sekarang dan memang iya sekolah aku dulu sudah ake kurikulum merdeka sedang yang sekarang masih pakai kurikulum ipa ips,netral
tanyarl halo temanteman aku mau minta tolong isiin survey untuk tugas kurikulum merdeka harus dapat lebih dari responden linknya aku taro di comment yaa terimakasih teman,netral
kurikulum merdeka memang hebat selamat sambut indonesia ee mas,positif
guyss ada yang punya materi geografi kelas kurikulum merdeka ga aku cari enggak nemu kalau ada yang nemu tolong kirim kalau out of topic bilang iya biar aku tadi,netral
kurikulum merdeka nohh syal,netral
ajar pada kurikulum merdeka sulit benar bukan sulit lho tetapi lalu kurikulum merdeka ajar bukan lagi soal hafal tapi paham ingin tahu jelas lengkap yuk simak ulas ikut ini kurikulummerdeka merdekabelajar,positif
dulu mikir itu sudah yang buruk tapi masih ada kurikulum merdeka yang nyata lebih buruk,negatif
temanteman kurikulum merdeka tetap ada siswa eligible kan,netral
tahun masa perintah presiden joko widodo telah keluar bijak zonasi dan kurikulum merdeka dengan tuju tingkat kualitas didik namun jauh mana perintah telah beri dukung yang pada bagi sekolah guru dan siswa dalam implementasi bijak,negatif
zakkafm irwndfrry un hapus dan zonasi kenapa tetap tahan karena biaya un dan seleksi sekolah itu biaya besar masuk kurikulum merdeka jadi paksa kreatif dengan modal sendiri,negatif
kurikulum merdeka is fucking shit untung masih pakai,negatif
soundofyogi gue kira gue doang yang bingung sama korelasi apa garagara habis pusing beres lapor ini dampak kurikulum merdeka apa biasa komparasi dapat yang tidak apple tapi apple,negatif
thoriqmm padahal kurikulum merdeka baru mulai bagi di tahun outputnya belum lihat tapi sudah disalahin kalau banyak murid sekolah tengah enggak sesuai ekspetasi nilai gagal iya karena produk kurikulum belum yaitu dan ktsp,positif
penjara kan dia yang rusak generasi indonesia emas jadi indonesi cemas dengan tuju makin banyak yang bakal jadi driver aplikasi sudah begitu tarif driver buat murah mungkin dan biaya layan besar mungkin bangkai memang kurikulum merdeka bahkan bikin sengsara,negatif
negativisme hapus kan kurikulum merdeka kembali marwah guru yang injak sistem dan tidak bisa beri disipliner kepada siswa yang masalah mental,negatif
gess ada yang tahu enggak paket mapel di kurikulum merdeka itu ada apa ajaa,netral
ada yang punya catat materi seni tari kelas kurikulum merdeka enggak ya sender butuh banget soal t t,netral
cara menjawa soal latih pecah kelas sd kurikulum merdeka,negatif
buat kalian para guru enak ajar zaman kurtilas atau kurikulum merdeka,positif
ini kurikulum merdeka kapai anak anak sih sumpah gue capek banget omong sama bocil lulus sama yang kurikulum merdeka,positif
aku jadi anak kurikulum merdeka biar enggak bunuh sama beyonce,netral
yuk simak cerita harry kurniawan murid sman purworejo yang temu bebas ekspres telah implementasi ajar sesuai minat dan bakat di kurikulum merdeka kurikulummerdeka merdekabelajar,positif
temanteman kalian di sini ada yang sekarang kelas amp pakai kurikulum merdeka gak kalau ada sistem eligible nya bagaimana iya soal kan mapelnya dicampurmilih sendiri,netral
nenkmonica nadiemmakarim rill rasai banget susah kurikulum merdeka guru bingung plus banyak administrasi jadi enggak fokus ajar ke anak,negatif
kurikulum merdeka guru tuntut kreatif melek kembang teknologi sehingga bisa kembang potensi siswa tuntut pula ikut administrasi dan dokumentasi ajar ajar yang rumit tetapi masih banyak gaji guru honorer bawah mau harap apa sih pak,positif
kur merdeka saya rasa standar internasional but not the best for us jadi gimana pilih salah satu pondasi yang turut perintah baik kurang tambah jangan ubah ganti presiden kurikulum jangan ganti sistem didik baik tetap for long term jangan ikut periode presiden,negatif
daddyminussugar kurikulum merdeka sukasuka enggak ada uji nasional enggak ada standar jorjoran nilai tinggi bak juara enggak peduli siswa enggak tahu apaapa,positif
kumpar konsep asli mungkin enggak jelek amat terap yang beranta amp enggak pakai kira contoh mhs sastra masuk ke kuliah it merdeka ajar kata ikut kuliah yang enggak ada hubung itu anggap bagai telah ambil kuliah sesuai kurikulum di jurus asal aja kan,positif
video jika kritik kurikulum merdeka nilai tidak cocok cara nasional,positif
analisis saya kenapa banyak yang keluh kurikulum merdeka kurikulum sosialisasi cara jenjang dari pusat sampai daerah lalu latih luring kurikulum merdeka sosialisasi via webinar daring belum semua guru bisa serap materi cara daring,positif
nenkmonica nadiemmakarim jujur program dia beberapa okay kayak kampus merdeka bagus untuk anak kuliah tapi kurikulum didik sd sampai smadll jujur gagal banget muridmurid pada enggak jelas enggak ada tahu tahu umum enggak pintar matematika gajelas apalagi semenjak ada istilah ipas makin aneh,positif
kumpar setujuuuuuu pak kurikulum merdeka adalah kurikulum paling amburadul kurikulum paling bodoh yang pernah ada di republik indonesia,negatif
nenkmonica nadiemmakarim kurikulum merdeka murid bebas buat onar suka,positif
kurikulum merdeka bukan merdeka bahkan tambah derita hari minggu bukan buat hiling bahkan buat ngerjain tugas yang bikin pusing,negatif
kakakamri arsicha sari psikolog nya pilih yang dukung kurikulum merdeka tanpa ajar yang penting fun bahagia no stres proyek tanpa fundamen yang kokoh yang kritis minggir dulu,positif
diabara tanyakanrl kan kurikulum merdeka enggak lulus tetap harus dilulusin kapai ajar ngejar nilai tinggi kan toh bakal tetap lulus walaupun nilai bobrok,positif
mau singapore math cambridge kurikulum merdeka orang even kurikulum kalau anak gizi enggak bagus suka makan upf dan papar segera mungkin rokok dan lainlain iya gimana,positif
kurikulum merdeka cocok untuk sekolah swasta mahal yang sudah wellestablished lebih lebih baik tiru tiongkok untuk di luar itu wkwk,positif
gelap terang implementasi kurikulum merdeka,negatif
lho kalau begitu mimind sudah laksana kurikulum merdeka dari tahund dong yakin deh kanan dan kiri itu diajarkand cumand yang pendek djadi favorit karena kalian sendiri,negatif
mungkin kurikulum merdekamerdeka ajar arti adalah merdeka dari harus ajar mau ajar kayak enggak gek merdeka sakkusaitna agama nusantara bayuangora spektrum valhallaah bnsphrxyzzz refublikateis kappa paijokhentirr chris ting homo,positif
zanatul bagaimana sejahtera pak insentif untuk guru swasta brsertifikasi kerap kali trlambat cair bahkan tidak cair tahun garagara kami anggap tidak penuh jam ajar dan pernah jadi kena deadline isi dapodik karena alih sistem ke kurikulum merdeka yang kacau,positif
air api tanah dan udara dahulu empat negara hidup dengan damai namun semua ubah saat kurikulum merdeka pmm dan serang,positif
aleamsbarra jangan sampai nadiem tahu produk ini nanti guru guru kurikulum merdeka wajib pakai kapur ini,netral
kurikulum merdeka nih jadi asal merdeka saja jawab,netral
saya lihat kurikulum merdeka itu kurang efektif anakanak jadi jarang tulis namun suka presentasi amp itu materi banyak lihat copas dari google benarbenar enggak ada beda kalimat dengan google telah itu presentasi pun bukan paham bahkan kayak angin lewat doang,negatif
mulai ada perspektif kurikulum merdeka itu karena ikut finland itu dari mana ya tau gue kenapa muncul kurikulum merdeka ini dasar butuh yang akan hadap siswa di abad,negatif
memefess nadiem daripada kamu bikin kurikulum merdeka lebih baik bikin satu matpel logika nalar matpel logika matematika bahasa alien,positif
ridwanhr se takut itu ya pak wkwk memang gila sih hasil dari kurikulum merdeka akhir bahkan saya lihat ada bubar sekolah terus murid dengan santai ngerokok depan gerbang sekolah anjir ck,positif
soal uji pjok kelas sd kurikulum merdeka semester tahun dan kunci jawab sumatif lewat tribunnews,netral
pppkguru turut ini disrupsi bijak enggak bisa dong ngejudge hasil kurikulum yang lagi pakai sekarang juga harus tahun ke depan ketika angkat kelas pertama kali dapat kurikulum merdeka lulus sma,positif
soal ulang geografi kelas semester kurikulum merdeka lengkap kunci jawab tahun lewat tribunnews,netral
guyssss here we gooo angkat pertama kurikulum merdeka sudah proyek akhir saja,netral
soal uji mtk kelas sd kurikulum merdeka semester tahun dan kunci jawab sumatif lewat tribunnews,netral
qasimitv bagaimana kalau kamu saja yang ajar pakai kurikulum merdeka,positif
jika sebut kurikulum merdeka ajar tidak cocok terap cara nasional,positif
tapi kurikulum merdeka enggak boleh ada anak sampai tinggal kelas inti biar bodo tetap naik kelas mba jadi murid mah suka jadi,positif
sammisoh efek kurikulum merdeka admin enggak bisa beda negara kolombia dengan filipina,netral
box hardi palingteguh guru pns nah ini juga bang peran orang tua jadi lebih besar dalam ajar anak di rumah karena di sekolah dan buku ajar kurikulum merdeka ini konsep awal sendiri kurang di jelas ya kalau orang tua dulu sekolah lupa lupa ingat bisa ajar anak kalau orang tua yang maaf enggak kola,positif
salah satu hasil dari kurikulum merdeka miris itu dulu anakanak sd juga sudah hafal dar seperti itu buka uud uud gbhn dll kalo bocah sekarang dari pancasila juga masih belepotan,negatif
this tweet basically summarises what happened with kurikulum merdeka ajar,positif
nenkmonica nadiemmakarim kurikulum merdeka bikin ruwet guru yang sudah mbahmbah apalagi guru yang gagap teknologi mereka harus fokus ajar buat urus aplikasi aku enggak tau apa tapi mama selalu di depan laptop melulu dan ngeluh capek minta ajar aku daripada fokus ngajarnya dan akhir muridmurid lantar,positif
tanyakanrl dokter lulus kurikulum merdeka entar begini ini banyak atau lebih parah wkwkwkwkwk,negatif
mulyono mana kau jika sebut kurikulum merdeka ajar tidak cocok terap cara nasional,positif
dalam merdeka ajar nadiem hapus uji nasional un bagai syarat kelulus bijak ini jadi salah satu yang paling kontroversial picu debat tentang standar kualitas didik,positif
kurikulum etika moral sejarah indonesia emosi saint dan teknologi mat fisika biologi kimia komputer bahasa indonesia bahasa asing kreativitas seni dan budaya sosial teori dan praktek ajar agama hapus masuk ke dalam giat ekskul siswa,positif
hmmapanamanya sheandwhite ridwanhr tapi dengan logika kayak begitu harusny lulus kurikulum merdeka sudah bisa hitung dasar karena itu dasar banget buat cari duit tapi nyata kan masih banyak yang keteter untuk prhitungan dasar doang bayang hitung dasar saja masih belum bisa bagaimana mau survive di dunia penuh ini,negatif
jusuf kalla kurikulum merdeka tidak bisa terap cara nasional bnetwork,netral
taka bibit rusa sudah mulai sejak benar saat peran guru dalam kbm reduksi jadi beri feedback instead of ajar parah sama sistem full day tahun yang bikin kbm makin enggak efektif kurikulum merdeka cuma lanjut busuk yang sudah ada cuma beda kemas aja,negatif
shintaeffendi elisa jkt itu judul kurikilum merdeka tuju bodoh lokal siswasiswi tidak standar nasional sd sampai sama,negatif
zanatul di mana saya bisa dapat naskah akademik atau informasi kait kurikulum merdeka ini pak atau ada bahan baca yang dapat tuntun saya dalam paham kurikulum merdeka ini terima kasih banyak,negatif
sumpah kurikulum sekolah sekarang memang kacau bgt soal kalau di banding jaman yang pakai ktsp sampai ke mix tuh jauh lebih mending daripada tiga adek adekku yang masih sd pakai kurikulum merdeka bahkan buku paket sama lks saja iya allah kayak bagaimana iya jelas beda bgt,negatif
anakkolong repot negara ini banyak orang pintar yang akal orangorang yang rasa pintar makanya tuju dengan kurikulum merdeka sekarang yang bisa mangkas pola pikir generasi untuk jadi pintar,positif
jusuf kalla kritik kurikulum merdeka tidak cocok terap cara nasional,positif
sheandwhite kurikulum merdeka telah pantau enggak jauh beda sama standar didik us salah satu jumlah tapi pakai metode aljabar buat didik dini plek ketiplek kesan kayak oh didik negara maju kayak begini pakai ah batas itu,netral
dengan kurikulum merdeka untuk bentuk generasi muda yang taat hukum dan milik nilainilai moral yang kuat utama kait anti korupsi dan anti bullying,positif
telah terbit matematika smpmts kurikulum merdeka bukuerlangga klubbuku,netral
kemendikbud bicara soal sekolah yang terap kurikulum merdeka lama tahun sebut alami tingkat kompetensi literasi bagaimana turut kamu detikers gtgt detikcom,negatif
kemarin aku baru saja ada latih bikin soal nyata memang masih banyak yang belum paham kurikulum merdeka bukan sok tau tapi benar banyak guru muda yang yang penting ajar,positif
wkdtndmswl nenkmonica nadiemmakarim revisi turut saya juga bagus padu sekaligus transisi antara kurikulum lama ktsp yang lebih ke arah pemahamanpenguasaan teorimateri dan kurikulum merdeka yang lebih depan praktek dan terap dari teori,positif
nakmandiri selain itu kurikulum merdeka tidak beban murid dengan pr sehingga banyak anak sekarang banyak waktu luang yang guna untuk hal ini juga rupa peran penting orang tua dalam didik anak orang tua sekarang terlalu lelah cari cuan tahu sendiri sekarang saing kerja,negatif
jika tidak tuju dengan terap kurikulum merdeka cara nasional bnetwork,netral
soal uji agama katolik kelas sd kurikulum merdeka semester tahun dan kunci jawab lewat tribunnews,netral
soal ulang bahasa inggris kelas semester lengkap kunci jawab kurikulum merdeka tahun lewat tribunnews,netral
tapi jadi penasaran juga yang salah di kurikulum merdeka itu bagaimana kok yang sebar di internet sekarang jadi gitu pengin ngecek apakah memang sekarang jadi bodoh itu atau benar makin banyak yang pintar tapi tutup sama konten,negatif
nenkmonica nadiemmakarim gara gara kurikulum merdeka tuh banyak yang nyepelein pasti bakal bilang paling lulus semua ckckckck,negatif
kurikulum merdeka baru tahun laku untuk seluruh sekolahbuat gue justru ini masalah karena pandemi kemarin,negatif
soal ulang pkn kelas semester kurikulum merdeka lengkap kunci jawab tahun lewat tribunnews,netral
memefess oh iya iya keren juga brok inti kurikulum merdeka cipta gweh yang baik kan,positif
soal ulang antropologi kelas semester kurikulum merdeka lengkap kunci jawab tahun lewat tribunnews,netral
soal ulang ekonomi kelas semester kurikulum merdeka lengkap kunci jawab tahun lewat tribunnews,netral
kumpar iya begitu kalau menteri didik dengan tahu amp alam ngakali dengan yang anehaneh yang mau untung sendiri iya jadi rusak didik kita kurikulum merdeka itu sama sistem mitra ojol iya pak alibi juga sama enggak paksa kata,negatif
mdy jelas gagal realitanya ini orang bikin bagi siswa jadi tambah malas sejak un di hapus bikin kurikulum merdeka yang ribet banyak giat tapi bukan bagai tolak ukur lulus atau tidak ya siswa pada mikir kapai giat ini itu toh juga tetap lulus,negatif
soal ulang bahasa sunda kelas semester lengkap kunci jawab kurikulum merdeka tahun lewat tribunnews,netral
shyooogarush deelvote nenkmonica nadiemmakarim ngembangin sendiri memang ratarata jadi kurang paham sih soal dari dulu murid indonesia sudah gantung sama gurudosen yang harus nerangin sampai dapat makanya pas dapat kurikulum merdeka banyak yang kurang nangkep tapi benar kurikulum ini bagus temanteman,positif
mdy kurikulum merdeka itu benar kayak i iya tapi ajar enggak beri bekal mampu ajar sistem i iya jadi sulit,positif
barisanpemudari kurikulum merdeka murid merdeka bebas bebas mau erti apa enggak tetap bakal naik kelas dan lulus tepat waktu yeay itu belum ditanyain panjang bpupki sama ppki pki nya jadi partai yang onoh,positif
el sulfat kamentrader hasil dari kurikulum merdeka,netral
kurikulum merdeka yang gadang bisa tingkat perata kualitas didik implementasi jauh dari harap bagaimana ngga benchmarking nya sama sistem finlandia tapi fasilitas kualitas amp sejahtera guru saja jauh dah bagus jadi proposal saja ini kurikulum merdeka,netral
tapi jujur kurikulum merdeka is the worst kurikulum yang pernah ada aku omong begini karena aku alumni kurmed,positif
nenkmonica nadiemmakarim kurikulum merdeka namun apa yang merdeka para ajar makin sulit memanage waktu makin malas makin setress attitude tata krama turun salah gaul kembang gagal pol deh,negatif
kegblgnunfaedh sepakatkurikulum didik lama tri nadiem enggak jelas arah dan kurikulum merdeka jauh anak didik dari didik moral dan adabpadahal ajar didik moral pancasila tetap butuh anak didik panjang jaman,positif
deelvote nenkmonica nadiemmakarim saya bagai kakak yang adik sekolah pakai kurikulum merdeka rasa ikut bingung jg ini konsep bagaimana sih sbnrnya adik saya ngeluh terus tugas banyak tapi ajar yang sampai enggak maksimal jadi mau enggak mau saya ikut bantuin dia nugas sambil karena rasa kurikilum ini memang enggak jelas,positif
soal uji pkn kelas sd kurikulum merdeka semester tahun dan kunci jawab sumatif lewat tribunnews,netral
soal ulang sejarah kelas semester kurikulum merdeka lengkap kunci jawab tahun lewat tribunnews,netral
kurikulum merdeka bahkan bikin anakanak indonesia goblog apa lebih baik jajah aja,positif
leonardo dah vinci orang jenius nyaris tanpa didik formal selain hanya baca tulis apkh ini contoh idealisme kurikulum merdeka ajar memang harus didik adalah merdeka bukan jajah homo,positif
partaisocmed itu fakta ya adik adik di kurikulum merdeka anak didik enggak boleh tinggal kelas jadi bamyak anak yang belum layak naik harus naik bahkan anak sd yang belum lancar baca harus tetap naik dan itu cukup prihatin,positif
soal ulang prakarya kelas semester lengkap kunci jawab kurikulum merdeka tahun lewat tribunnews,netral
soal ulang bahasa indonesia kelas semester amp kunci jawab kurikulum merdeka tahun lewat tribunnews,netral
nenkmonica nadiemmakarim bahkan total turut saya sih kurikulum merdeka yang tukertukeran mahasiswa beda prodi bahkan bikin pusing enggak linier ilmu kalau lihat kurikulum bingung mau sebut sarjana apa,negatif
soal ulang agama kristen kelas semester kurikulum merdeka lengkap kunci jawab tahun lewat tribunnews,netral
zanatul once again berkat bus itu muncul lah kurikulum merdeka ajar kurikulum bus dan bus resmi masuk tri investasi telah itu jadi kampus paling elit kayak dan alumni banyak yang bangun startup karena bijak nadiem kurikulum bus,positif
siswa waji tahu ini beda aslim dan pts di kurikulum merdeka kurikulummerdeka siswa,netral
cerna dua kalimat ini itu butuh logika matematika sederhana kalau ambil salah satu terus jengkel coba cek lagi nilai matematika smanya eh lupa kan kurikulum merdeka iya,negatif
deelvote nenkmonica nadiemmakarim saya juga kerja di bidang didik benar kurikulum merdeka ini bagus tapi sdm indonesia utama guru banyak yang belum capable,positif
dampak instan kurikulum merdeka,netral
dannidivendra nenkmonica nadiemmakarim yang paling aku rasai lama jadi guru itu di bagi kurikulum bahkan jujur saja aku masih ajar dengan prinsip banding kurikulum merdeka,positif
kurikulum merdeka pada seluruh satu didik yang papar capai ajar dan alur tuju ajar dalam terap kurikulum merdeka lanjut giat papar susun modul projek kuat profil ajar pancasila oleh ibu ima ilmayatie mpd yang,positif
ikut ini rupa kunci jawab bahasa indonesia kelas halaman kurikulum merdeka tribungorontalo,netral
jika sebut kurikulum merdeka tidak bisa terap cara nasional beritasatu news berita,netral
contoh soal ulang akidah akhlak kelas sd kurikulum merdeka dan kunci jawab uas sas arhan johny warisover afifah agaklaen banten tereliye miftah rasulullah pramono eliano bahrain lanjutkanboikot welcomebackrenjun,netral
soal ulang fisika kelas semester kurikulum merdeka lengkap kunci jawab tahun lewat tribunnews,netral
kunci jawab bahasa indonesia kelas halaman kurikulum merdeka bahasaindonesia kurikulummerdeka teksberita,netral
contoh soal ulang seni budaya kelas sd kurikulum merdeka dan kunci jawab sbdp arhan johny warisover afifah agaklaen banten tereliye miftah rasulullah pramono eliano bahrain lanjutkanboikot welcomebackrenjun,netral
soal ulang seni budaya kelas dan kunci jawab tahun kurikulum merdeka semester lewat tribunnews,netral
soal ulang ips kelas dan kunci jawab sumatif tahun kurikulum merdeka semester lewat tribunnews,netral
soal ulang agama islam kelas dan kunci jawab tahun kurikulum merdeka semester lewat tribunnews,netral
soal ulang agama buddha kelas dan kunci jawab tahun kurikulum merdeka semester lewat tribunnews,netral
soal ulang seni budaya kelas semester kurikulum merdeka dan kunci jawab tahun lewat tribunnews,netral
soal ulang pjok kelas semester kurikulum merdeka dan kunci jawab sumatif tahun lewat tribunnews,netral
soal ulang ips kelas semester kurikulum merdeka dan kunci jawab sumatif tahun lewat tribunnews,netral
soal ulang agama katolik kelas dan kunci jawab tahun kurikulum merdeka semester lewat tribunnews,netral
soal ulang agama kristen kelas dan kunci jawab tahun kurikulum merdeka semester lewat tribunnews,netral
soal ulang bahasa indonesia kelas dan kunci jawab tahun kurikulum merdeka semester lewat tribunnews,netral
soal ulang bahasa inggris kelas dan kunci jawab tahun kurikulum merdeka semester lewat tribunnews,netral
dengan kurikulum merdeka ajar bukan lagi soal hafal tapi paham anakanak dorong untuk erti proses bukan hanya hasil sehingga ilmu lebih lekat dan relevan untuk masa depan mereka kurikulummerdeka medcomid mudamemberiarti,positif
soal ulang bahasa jawa kelas semester lengkap kunci jawab kurikulum merdeka tahun lewat tribunnews,netral
contoh soal ulang agama kristen kelas sd kurikulum merdeka dan kunci jawab uas sas arhan johny warisover afifah agaklaen banten tereliye miftah rasulullah pramono eliano bahrain lanjutkanboikot welcomebackrenjun,netral
contoh soal ulang pjok kelas sd kurikulum merdeka dan kunci jawab uas sas lewat tribunnews arhan johny warisover afifah agaklaen banten tereliye miftah rasulullah pramono eliano bahrain lanjutkanboikot welcomebackrenjun,netral
contoh soal ulang bahasa inggris kelas sd kurikulum merdeka dan kunci jawab uas sas lewat tribunnews arhan johny warisover afifah agaklaen banten tereliye rasulullah pramono eliano bahrain lanjutkanboikot welcomebackrenjun,netral
bahas soal dan kunci jawab bahasa inggris kelas kurikulum merdeka halaman orangutan kuncijawaban bahasainggris kurikulummerdeka orangutan smp gandhijayanti treasure,positif
perangkat ajar kurikulum merdeka di sampai sekolah tengah pertama muntot perangkatajar perangkatajarkurikulummerdeka perangkatajarsmp kurikulummerdeka liat,positif
perangkat ajar kurikulum merdeka di sama sekolah tengah atas perangkatajar perangkatajarkurikulummerdeka perangkatajarsma kurikulummerdeka,positif
ciriciri kalimat deklaratif dan contoh materi bahasa indonesia kurikulum merdeka lewat tribunnews arhan johny warisover afifah agaklaen banten tereliye miftah rasulullah pramono eliano bahrain lanjutkanboikot welcomebackrenjun,netral
kritik jika hadap kurikulum merdeka tidak sesuai untuk didik nasional baca lengkap di jusufkalla kurikulummerdeka kurikulum kritik didik sekolah satusuaramedia satusuaranusantara,positif
mesti ajar sama mulyono kuasa dulu militer dan polisi sandera lawan politik dengan hukum lemah kpk uu cipta kerja yang bikin masyarakat jadi emis bansos ukt tinggi yang bikin rakyat putus asa dan bodoh kurikulum merdeka yang bikin enggak ajar,positif
ketika murid smk kelas kali suruh tulis angka sembilan ribu satu kurikulum merdeka nadiemmakarim memang buat rusak generasi muda,netral
tabuhberbunyi mboke ganes nik tipaah nah ini memang konsep kurikulum merdeka yang sekarang kak kurikulum cuma blue print tapi materi buat lagi oleh guru gantung butuh murid salut buat kakak moga lancar dan berkah terus didik anakanaknya,positif
salah satu klaim yang paling bikin sakit kepala adalah klaim bahwa kurikulum merdeka itu asal dari guru ingat kami sejak semua ubah itu format buat dulu oleh tim khusus baru kemudian bagai organ prof guru undang untuk validasi,negatif
rasa untung masih kurtilas belum kurikulum merdeka,netral
permendikbudrisek kurikulum merdeka baru di uji publik tidak sesuai urut bijak sudah jalan atur susul hayo lama ini kalian jalan kurikulum makhluk apa hayo dalam ilmu sejarah ini sebut anakronisme etapi sejarah kan enggak penting iya lupa,positif
imo kurikulum merdeka punya tuju yang bagus tapi apa dan bagus apa kurikulum kalau masih ada guru yang enggak gaji dengan layak akses didik yang enggak rata dan masih ada murid yang ajar di bangun yang enggak layak you wont get the desired outcome,positif
mau fafifuwasweswos refleksi singkat kerja dekat sama guruguru dua bulan akhir buah thread tentang kurikulum merdeka i apa itu kurikulum merdeka ii tantang besar guru iii respons atas tantang sebut buat yang mau bacabaca,positif
semua mahasiswa di indonesia lebih baik jangan daftar kampus ajar deh serius enggak worth it pihak kampus ajar juga enggak transparan satusatunya program kampus merdeka mbkm yang turut enggak sesuai dengan korban mahasiswa kemdikbud ri,positif
perintah indonesia daripada bayar ingpluenser hedon enggak jelas buat promosiin giat buangbuang duit negara lebih baik lu bayar ingpluenser waras buat promosiin we kemdikbud dah nih website ada sosialisasi enggak sih nih pada tahu such site exists enggak sih lumayan oke loh,positif
banyak opini sebut bahwa kurikulum merdeka bukan masalah didik kita hari ini saya kasih jelas singkat kenapa pada era merdeka ajar guru sulit paham kurikulum kurikulum canggih no banyak branding yes tread,positif
menteri didik budaya riset dan teknologi nadiem makarim nyata bahwa transformasi didik dalam payung merdeka ajar lama lima tahun akhir telah jadi kunci tingkat kualitas didik indonesia tempoheadliner,positif
halo sahabatdikbud apakah kalian tahu tentang kurikulum merdeka kurikulummerdeka merdekabelajar,netral
di buku teks matematika kurikulummerdeka sudah benar iya konsep ajar tempat bilang dulu belum bisa kurang susun ini ajar kelas dan kelas sd unduh gratis buku teks,positif
kita bicara merdeka ajar tetapi kurikulum jebak bagai layan pasar dan cetak kerja patuh tanpa sadar kritis merdeka ajar hanya bebas semu dan langgeng timpang mungkin saat kita bicara didik kritis,positif
ibu habis workshop tentang kurikulum merdeka kata kls ajar semua mapel enggak ada mapel minat kls pilih mapel kalau jurus kuliah saintek harus pilih mapel waji saintek mapel soshum begitu juga balik kelas lanjut materi yang sudah pilih itu,positif
bagaimana dapat kalian tentang kurikulum merdeka,netral
tukeranbarter jawab go expe kelas kurikulum merdeka yuk studytwt ambisverse,netral
abdul mu ti akan evaluasi kurikulum merdeka ajar ppd zonasi dan tiada un,positif
kurikulum merdeka di sekolah sekolah negeri di indonesia serta didik yang perempuan waji berjilba kah kemdikbud ri,netral
tampak anak smk kelas hari ini adalah hasil waris lulus sd pandemi dengan privilage lulus plus kurikulum merdeka nadiemmakarim yang benarbenar merdeka alias kondisi bodoh sudah begini masih ikut buat pandemi lagi pak prabowo stopplandemit,negatif
tri agama datang kantor mui tekan untuk terap madrasah harus ada kurikulum bahasa mandarinsepertinya jelas arah mana pelanpelan indonesia arah akan rubah ideologi jadi komunis ala china seperti tibet dan angola,positif
panggil temanteman yang lagi cari buku kurikulum merdeka di sibi ada kurikulum merdeka masuk audio booknya juga karena resmi dari kemendikbud jadi bisa jadi referensi untuk ajar dan cari materi moga manfaat iya buat yang lagi cari buat ajar,positif
kegblgnunfaedh metode ajar kurikulum merdeka memang tekan pada kreativitas dan terampil pikir kritis serta mandiri siswa guru hanya bagai antar materi materi sah sah saja ambil dari bagai sumber dan lanjut tugas siswa untuk nenelaah,positif
podcast saya dengan kompas kena implementasi kurikulum merdeka dan masalahmasalahnya di lapang,netral
informasi yang bisa realtime joki kimia kls kurikulum merdeka yang tidak pakai ai zonaba zonauang zonajajan,netral
kalau kurikulum merdeka butuh laptop banget enggak siii,netral
lama tahun bijak ppg kurikulum guru gerak sekolah gerak dan ruu sisdiknas kampus guru lptk jarang libat saya masih ingat para dosen dan guru besar banyak yang tidak tahu kurikulum merdeka dan ruu sisdiknas karena lptk memang minim libat,positif
sch temanteman snbp nanti kan perlu mapel dukung semester sedang kurikulum merdeka ini baru ajar mapelnya di kelas aku mau ambil jurus yang mapel dukung mtk lanjut sedang di kelas semester dan enggak ada mapel itu jadi bagaimana yaa,positif
kurikulum merdeka aneh,negatif
video kurikulum finlandia video kurikulum merdeka,netral
salah satu wujud kurikulum merdeka,negatif
beliau ini belum pernah dengar keluh siswa kurikulum merdeka kah,netral
enggak tau kenapa sender rasa semenjak kurikulum merdeka banyak kerja kelompok kalian begitu juga ga,netral
temanteman ada yang mau bantu isi kuisioner tentang kurikulum merdeka buat makalah sender ngga rep saja ya nanti aku ketuk dm nya,netral
kurikulum merdeka merdeka kapan,netral
kola kalian nerapin kurikulum merdeka gak,netral
tanyarl hogwarts pakai kurikulum merdeka gak,netral
yang kurikulum merdeka kalian sudah ngerjain projek apa saja,netral
kalian yang kelas capek enggak ngerjain project kurikulum merdeka,netral
sumpah kurikulum merdeka buat saya stres anjirttt tiap hari presentasi melulu,negatif
temanteman yang kls kurikulum merdeka sekarang pakai zenius worth saja kah aku deh telanjur beli,positif
kurikulum merdeka maksud bagaimana ya aku sudah search gugel masih bingung jg terima kasih,negatif
vindhtr timeline kurikulum merdeka kelas jual cari laba kelas ajar nyatet hasil jual ke jurnal kelas ajar jurnal umum dan inventory kelas hitung hpp kelas bikin ledger kelas bikin lapkeu habis lulus langsung kasih toga dan magang di multi,positif
prokontra kalian dalam kurikulum merdeka ajar maupun kurikulum apa guys bagai guru murid maupun orang tua,netral
hai all aku mau tanya ada enggak dari kalian yang sekolah sudah kurikulum merdeka ada yang sudah lulus tahun ini tapi mata ajar minat baru dari kelas jadi pas kelas ajar semua mapel ipa ips umum bobot nilai bagaimana ya,positif
halo boleh minta tolong isi kuesioner aku kriteria siswa sama yang kena kurikulum merdeka terima kasihh,netral
aku mau minta saran besok kan aku mau daftar sama turut kalian lebih baik pilih sekolah yang sudah terap kurikulum merdeka apa belum terimakasihh,positif
projek kurikulum merdeka ini enggak kerja dengan baik turut kls ada projek kewirausahaan tapi enggak dapat mapel pkwu kls dapat pkwu tapi enggak ada projek kurikulum merdeka turut kalian gmn,positif
akan tidak bosan timbul polemik dan kontroversi kali ini kemendikbudristek pimpin nadiem kembali buat heboh kemedikbud banyak rekomendasi karya sastra murah yang umbar adegan seksualitas dan persenggamaan bagai bahan baca cara resmi untuk guru dan,negatif
sch aku kurikulum merdeka tapi masih ips begitu lebih baik administrasi publikmanajemensosiologi nilai ratarata mapel dukung terima kasih,positif
mendikbud nadiem makarim kembali luncur bijak merdeka ajar di kantor kemendikbud senayan jakarta jumat beri tajuk kampus merdeka kali ini dapat sesuai bijak di lingkup didik tinggi merdekabelajar kampusmerdeka,positif
selamat atas luncur kurikulummerdeka hari ini prakarya nino dan tim yang harap buat giat ajar lebih hidup relevan dan senang dapat info masuk kalau mau baca naskah akademik di i sama a proud wife,positif
mendikbud hari sekolah jam hari bukan bagi siswa beritadikbud cerdasberkarakter,netral
hubung aku enggak punya anak aku sih pandang kurikulum merdeka bagai salah satu terobos di dunia didik yang tepat guna mulia dan patut puji,positif
daftar isi buku mtk kelas kurikulum merdeka bagus banget iya,positif
ajar sejarah tidak lagi waji pramuka bukan lagi ekstra kurikuler waji anak sampai tapi kali dasar di bawah saja belum bisa amp belum hapal jangan tanya jika hadap dengan sama kuadrat lalu apa yang mau tuju dari kurikulum merdeka,positif
habis bagi rapot langsung cuz iya kak alhamdulillah nilai rapot tadi atas semua walau kelas nih kurikulum merdeka enggak kasih tahu lagi peringkat nya tapi kalo lihat nilai tinggi sekali alhamdulillah ajar lagi kk,positif
berapiapi jika kritik habis nadiem dan kurikulum merdeka semprot soal uji nasional merdeka apa ajar juga tidak saat kritik nadiem jik jelas kurikulum merdeka yang beri bebas ajar tanpa ada uji tidak akan,positif
kirakira guruguru masih coba untuk ajar amp praktik kurikulum merdeka atau tunggu kurikulum baru iya karena ada isu deep learning bagai kurikulum hehe benar yang penting adalah hasrat ajar fokus damping siswa dan dengan komunitas guru di sekolah tumbuh,positif
malaya merdeka majalah merdeka terbit jakarta turut raya merdeka malaya agustus potret tengku tun abdul rahman sang bapak merdeka hias sampul depan profil malaya tulis penuh bunga lengkap dengan lakar kibar bendera negara baru ts,positif
jhprabowo iya allah kurikulum merdeka level tinggi untuk sakit kepala kadang sudah merem jam malam tibatiba bocil ketuk pintu mah maaf tadi aku lupa besok suruh bawa ini itu sono anu mending kalo semua masih bisa kebel pas pagi atau masih bisa siap kalo enggak ya surat dokter jalan ninjaku gusti,positif
siswa sama yang lulus periode tahun depan jadi angkat pertama kelulus kurikulum merdeka sekolah tengah siap diri kait bijak anyar jalur seleksi nasional bas prestasi snbp kuota masingmasing sekolah bakal umum pada sabtu guru,positif
sch sender kurmer kurikulum merdeka dominan soshum kirakira bisa enggak iya snbp linjur ke saintek geo ugm kata snbp sekarang enggak bisa linjur terima kasih yang sudah mau jawab,netral
ds yantie di kurikulum merdeka enggak ada lae sedia mapel pilih mulai kelas xi sesuai minat siswa tapi sulit terap batas sdm dan sarpras,positif
sahabatdikbud sudah tahu tentang sesuai bijak ajar di masa pandemi dalam ubah surat putus sama sk empat menteri izin ajar tatap muka luas ke zona kuning dari mula hanya zona hijau merdekabelajar bersamahadapikorona,positif
perlu kurikulum merdeka ganti vstory,netral
salah satu hasil kurikulum merdeka entah buta huruf entah buta entah,negatif
stud aku bahan coba kurikulum merdeka di sekolah angkat pertama dan mata ajar nya itu pilih sekolah bisa bilang enggak sesuai bidang dan kalau aku enggak ajar fisika sedang mau masuk teknik bagaimana stud,positif
giat zona karya dari sampai negeri aranday dukung penuh oleh tangguh lng dan skk minyak dan gas bumi untuk dorong siswa inovasi dan harga lingkung serta budaya lokal program ini rupa bagi dari implementasi kurikulum merdeka lalu proyek kuat profil ajar,positif
jakarta post maret dua tahun lalu saat itu nadiem makarim nyata bahwa kurikulum ini pilih yang tidak paksa kenyataanya sekolah yang tidak segera terap segera tinggal oleh semua program menteri kini prediksi bukti paradoks bebas semu,negatif
berapiapi jika kritik habis nadiem dan kurikulum merdeka semprot soal uji nasional merdeka apa ajar juga tidak,positif
soal pas uas sas informatika kelas semester kurikulum merdeka lengkap dengan link download pdf,netral
joktug halo cari joki yang bisa buat alat evaluasi assesmen yang biasa jadi komponen perangkat ajar dalam buat modul kurikulum merdeka untuk modul sudah ada utama yang memang di spess ahli pgsd drop fee,positif
materi pertama bekal tahu untuk hadap tantang zaman kita ajar cara untuk cegah keras hindar judi online dan jadi guna media sosial yang cerdas pelajarpenggerakmerahputih pelajarsehatcerdasberkarakter,positif
contoh soal bahasa inggris kelas semester kurikulum merdeka bisa jadi referensi ajar,positif
begini cerita kita pikir positif bahwa menteri didik ingin baik didik indonesia maka rubah kurikulum nyata kurikulum sulit difahami maka buat program tambah sekolah sesuai sp dan latih cara sampling gp untuk,positif
akak ada kurikulum merdeka,netral
guru kreatif dari bandar lampung hingga jayapura papua adu karya di lomba video inovasi ajar kurikulum merdeka,positif
curvabax ndrypd saya punya adek sd dan pakai kurikulum merdeka memang telah saya cek di buku sekolah mereka hampir sejarah dan pkn itu sisip enggak ada benar benar enggak ada,positif
anak smk kelas hari ini adalah anakanak waris lulus sd pandemi dengan privilage lulus dengan kurikulum merdeka nadiemmakarim yang benarbenar merdeka dari ilmu dasar alias kondisi bodoh tapi coba tanya mereka apa yang viral di tiktok hari ini jago deh,negatif
contoh soal uas pkn kelas semester kurikulum merdeka lengkap dengan jawab,netral
faisalarifin mj kak ada tips biar bisa giat belajarambis gak dulu sampai rank terus terus tetiba pas sama itu mulai kurikulum merdeka guru kadang jamkos melulu ada yang masuk enggak terllu jelas jelasinnyapresentasi mulu aku benar bingung bgt maaf iya curhat wkwkw,positif
baru tahu sekarang sekolah enggak pakai kurikulum merdeka lg tapi kurikulum deep learning wkwk,netral
nenkmonica nadiemmakarim kurikulum merdeka tuh kurikulum terngga jelas guru bingung murid bingung menteri cuma cuap cuap doang lagi,negatif
informasi joki tugas mata ajar sosiologi buat proposal kelas kurikulum merdeka harga ajar please inrushhhh yang deh open zonauang zonajajan jokitugas,positif
sch gess turut kalian di kurikulum merdeka ini masih mungkin ada siswa yang tidak naik kelas kah,positif
jabat bupati lumajang buka cara resmi expo gebyar prestasi kurikulum merdeka jumat lengkap,positif
sch nilai yang enggak diitung buat rata rata snbp nilai apa saja yaa yang kurikulum merdeka,positif
seekracle bukanantarkota nadiemmakarim prabowo stopplandemit sumandogaek mamakchayank dokter kampung pongrekundharma faraz kepri ngatrol nilai dari belum kurikulum merdeka alam pernah ajar smk dan tahun ajar,positif
revonugroho tanyarlfes korban sistem didik memang kurikulum merdeka sudah dari kapan tahun lalu di video itu sama ada beberapa basic knowledge sampai tetap saja dia enggak tau jawab masih clear memang bloon saja malas enggak mau ajar apa karena sistem ini semua siswa jadi bego ada juga yang pintar,negatif
lantas apa benar kurikulum merdeka suruh siswa untuk cari materi ajar sendiri,positif
dalam rangka ingat hari jadi kabupaten lumajang harjalu dinas didik dan budaya dindikbud lumajang akan gelar expo gebyar prestasi kurikulum merdeka pada desember di alunalun lumajang baca lengkap,positif
menbud fadli zon usul ajar sejarah jadi waji masuk kurikulum merdeka lewat koran bogor,positif
sekolah baru punya silup kenapa enggak pakai kurikulum merdeka,netral
telah enggak ada kurikulum merdeka mungkin kampus bakal senang mahasiswa enggak kabur lagi di semeester bangkitkantimrobot,netral
contoh catat wali kelas singkat rapor kurikulum merdeka semester sdsma penuh motivasi lewat tribunnews rapor walikelas kurikulummerdeka,positif
auxiliarywits banyak teman aku yang ajar yang gen alpha dan beta akan lebih ngeri lagi dari gen saja yang sekarang sudah remaja dan dewasa muda kurikulum merdeka sih nadiem benerbener sistemik rusak daripada dampak positif nya enggak sepenuh salah individu tapi benerbener korban dari sistem,positif
ibu bapak amp akademisi di bidang didik ini ada paper baru tentang merdekabelajar anget from the oven baru saja presentasi di world bank education global practice seminar bisa baca unduh amp komentar di sini,netral
ikut kunci jawab pai kelas halaman dan kurikulum merdeka nilai tahu ba,positif
nadiemmakarim prabowo stopplandemit sumandogaek mamakchayank seekracle bukanantarkota dokter kampung pongrekundharma faraz kepri kurikulum merdeka itu baru banget mandatori sekolah pakai kurmer itu juga baru tahun belakang sedang anak smk sekarang kelas sudah sd sejak pola didik sudah bobrok jauh belum itu kurmer hanya finishing bobrok tsb,negatif
mari bersamasama buat ajar yang tarik di kelas kita kurikulummerdeka pembelajaranmenarik source instagram asrulresa,positif
baca ini gue o r o anjir kamu guru paud kemang enggak mau napak lihat lingkung sekitar kalau kurikulum merdeka tuh jelek banget njinkk salah anak sama orang tua yang gasiap iya memang indonesia gasiap pakai kurikulum giniann,negatif
mendikbud aniesbaswedan henti jalan kurikulum bagi sekolah yang baru laksa semester untuk guna kurikulum,netral
contoh soal pas pjok kelas semester kurikulum merdeka yuk ajar,positif
sch temanteman apakah dari kalian ada yang sudah isi buku paket panggelar basa sunda kurikulum merdeka kelas thanks,positif
soal uaspassas bahasa indonesia kelas semester kurikulum merdeka dan kunci jawab,netral
kurikulum merdeka anak jual dagang buang,negatif
sudah pada dengar belum kalau ada beberapa ubah dalam bijak didik yang telah sampai menteri didik dan budaya mendikbud nadiem makarim kemdikbud ri terap program merdekabelajar dengan bijak utama,positif
menbud ungkap harap agar ajar sejarah kembali wajib di sekolah iring dengan ingin masyarakat meski ada kurikulum merdeka siswa sd hingga sama tetap akan wajib ajar sejarah morningvoice,positif
sudah enggak erti lagi yang jelas kurikulum merdeka produk nadim mulyono hasil beberapa anak masuk sampai tapi belum bisa baca,positif
pernah saya sampai saat panja kurikulum merdeka di komisi kali bahwa hilang materi sejarah minat wawas global sangat kontradiktif dengan gagas bahwa kurikulum merdeka arah pada saing global dasar untuk saing seperti tahu sejarah wawas,negatif
alam teliti cara langsungimplementasi kurikulum merdeka di jejuseo middle school korea selatan headline,netral
karakter kompetensi dan relevansi jadi fokus mendikbud nadiem makarim untuk wujud perlu gotong royong semua pihak simak nyata lengkap mendikbud di sini gtgt bersamaindonesiamaju cerdasberkarakter,netral
ikut ini adalah beberapa contoh deskripsi rapor semester ganjil kurikulum merdeka jenjang sd sampai dan sma rapor kurikulum merdeka tidak hanya sekadar kumpul angka,netral
pak ini buku enggak ada yang lebih update hah kenapa emang presiden sekarang kan pak prabowo buku ips mu itu kurikulum merdeka terbit beliau bahkan belum ada dua bulan menjabaaaaaaattttt,netral
contoh soal matematika kelas semester kurikulum merdeka lengkap dengan jawab,netral
siswa beri sempat gali potensi diri kurikulum merdeka layak tahan fraksidemokrat demokrat demokratjatim jawatimur jatim,positif
hukum salat gerhana kunci jawab pai kelas halaman kurikulum merdeka,netral
wapamungkas padahallll fungsi kurikulum merdeka salah satu adalah supaya siswa punya track record baik itu prestasi maupun balik jadi enggak usah cekcek medsos begini bagaimana kalau anak enggak punya medsos mau dipaksain juga,positif
sekar malam ini hasil dari kurikulum merdekawes ajuuurrrrr jum,netral
wakil menteri daya perempuan dan lindung anak pppa veronica tan tekan penting ubah paradigma dalam didik anak usia dini paud lalu kurikulum merdeka,positif
tuju baik sih tapi kok bahkan jadi bumerang kurikulum merdeka memang muat nilai kreatifitas murid dan guru sayang kurikulum ini bisa jadi bumerang juga bagi para guru kok bisa cek lengkap di sini yuk,positif
workshop kurmer ini belum tuntas belum juga pada nyantol sudah dengar mau ganti kurikulum lagi sambut moga kurikulum merdeka bisa darah daging bagaimana mau darah daging baru suntik sudah ganti obat saja,netral
soal uas sejarah indonesia kelas semester dan kunci jawab baru kurikulum merdeka lewat tribunnews uji uas sejarah kuncijawaban kurikulummerdeka,netral
kalo kurikulum merdeka begitu baru pkl pas kls awal jadi satu semester itu full pkl makanya enggak ada kasih materi dari sekolah kalo aku tuh mau les juga susah bagi waktu,negatif
ini soal sas matematika kelas semester kurikulum merdeka,netral
padahal gen saja itu generasi yang paling apes sambut krismon kurikulum ktsp dadak ganti lalu ganti lagi jadi kurikulum merdeka belum lagi awal sambut pandemi global imbas usaha pada bangkrut tapi disalahin mulu,negatif
contoh deskripsi rapor kurikulum merdeka semester sdsma catat wali kelas untuk orang tua lewat tribunnews deskripsi rapor kurikulummerdeka sekolah didik,negatif
ajar tentang akikah dan kurban kunci jawab pai kelas halaman kurikulum merdeka,positif
kriteria capai tuju ajar kktp bahasa inggris kelas sdmi fase a kurikulum merdeka kktpbahasainggris kktpkurikulummerdeka kriteriaketercapaiantujuanpembelajaran,positif
debordsbitch testimoni saya bagai anak sama kurikulum merdeka coba ribet keluar duit banyak guru jadi malas ajar dengan kedok kurikulum merdeka fakta tugas banyak tapi materi enggak nyangkut di otak kejarkejaran antara akademik sama projek antarsekolah tuh bedabeda,negatif
ajar mikrokontroler kunci jawab informatika kelas halaman kurikulum merdeka ba,positif
nah kan bagus ini kurikulum merdeka,positif
soal uaspas ipa kelas semester dan kunci jawab bentuk pilih ganda kurikulum merdeka lewat tribunnews,netral
ikut kunci jawab pai kelas halaman dan kurikulum merdeka nilai tahu ba,positif
untuk bantu didik dalam terap kktp eduinesia telah sedia link download kktp kelas kurikulum merdeka semester amp sekolah sekolahdasar kurikulummerdeka,netral
ptn temanteman ada yang punya alam linjur di kurikulum merdeka coba share di reply dong temanteman soal aku pikir buat linjur,positif
berkat kurikulum merdeka,positif
link download modul fase di kelas smpmts kurikulum merdeka lengkap semua tema yang dapat unduh cara gratis sekolah sekolahdasar kurikulummerdeka,positif
revonugroho tanyarlfes itu salah satu faktor saja sih tetap kunci iya dari ajar sendiri enggak semua orang juga garagara kurikulum merdeka jadi enggak bisa yang ada karena malas saja pada enggak mau ajar picu ya kurikulum merdeka ini,netral
jangan sampai bijak kampus merdeka yang lama ini laksana rupa jadi salah satu strategi perintah mandul gera mahasiswa orientasi semua mahasiswa jadi kerja magang dan jadi profesional di luar kampus jadi malas organ dan jadi aktor gera,negatif
soal ipas kelas semester kurikulum merdeka dan kunci jawab jadi latih uji anak bun,netral
contoh soal agama kelas semester kurikulum merdeka serta kunci jawab,netral
hari lalu kemendikbudristek umum platform merdeka ajar di platform ini guru indonesia bisa ajar ajar karya yuk bahas behind the scene dan beberapa masalah yang kita lagi fokus dengan platform ini thread,positif
contoh soal seni rupa kelas semester kurikulum merdeka,netral
milik bentuk molekul dan hibridisasi jawab kimia kelas hal kurikulum merdeka,netral
pada akhir kemendikbudristek luncur wiyata karya merdeka ajar wkm wiyata karya rupa padan corporate university wiyata ajar ajar karya karya sisip in,positif
kurikulum merdeka vs kurikulum belum ada judul,netral
soal uaspas pai kelas semester kurikulum merdeka dan kuncijawabannya,netral
ini enggak bisa cuma jadi tugas kemendikbud doang kurikulum merdeka itu shortterm solution ini the paling literal sense hanya laku lama tahun dan itu masih enggak efektif untuk selesai masalah labor force mismatch belum lagi mindset bijak salah anggap,negatif
beda dapat doa qunut dalam salat subuh kunci jawab pai kelas hal kurikulum merdeka,negatif
tulis opini di kumpar yang kutip nyata saya,netral
tahun kurikulum merdeka enggak ada hasil,netral
harry poeze amp hank schulte nordholt merdeka the struggle for indonesia independence and the republic si precarious rise amsterdam amsterdam university press unduh sejarahindonesia catatanindonesia catatannusantara,negatif
jiwa merdeka malaysia madani sempena bulan merdeka tahun ini mari kita beristiqamah jiwa merdeka merdeka dari sikap assabiyah merdeka dari rasuah merdeka dari kaum merdeka dari tabiat sifat yang buruk jiwa merdeka malaysia madani kpkt gov,negatif
yang begini bukan praktek mapel biasa tapi kayak ala kurikulum merdeka,negatif
bang mbak vindhtr ini pernah misu soal kurikulum merdeka soal anak dia kelas sd suruh bikin prakarya terus jual habis itu hitung labarugi turut kamu saja sudah having sex atau belum tanya tolol juga sih ini korelasi apa,negatif
ndrypd ortu yang ada mungkin enggak suka lihat hal yang muluk susah jadi simpul kurikulum merdeka di anak sd sesuai sama amat masih belum tepat karena orang tua bagai dukung juga masih kurang bahkan yang lihat lebih effo tuh guru tak waktu itu,negatif
salah satu hal yang perlu paham guru dalam buat lapor hasil ajar kurikulum merdeka adalah cara rumus deskripsi nilai rapor di dalam kurikulum merdeka,positif
satu kata kunci yang tarik dari konsep kampus merdeka turut adalah exposure program ini banyak variasi exsposure yang alami mahasiswa pada bagai alam luar kelas mahasiswa yang dapat exposure agam akan punya pola pikir yang juga divergent,netral
tolak revisi uu kpk guru besar indonesia sebut tidak rela negara puruk,positif
tanam karakter usia dini pada festival story telling wujud sinkronisasi program kurikulum merdeka salam seni dan budaya isbibandung lokakarya storytelling kurikulummerdeka centreofcreativity kampusmerdeka merdekabelajar,positif
ratarata sekarang kurikulum merdeka kamu mulai search kurikulum merdeka temu menit per bulan minggu buat kelas istimewa dengan temu tiap hari per bulan lebih baik materi ajar dari kamu bukan buku siswa karena buku siswa pasti beda,positif
implementasi kurikulum merdeka dalam tingkat kualitas didik baca cilacapdotinfo,netral
materi ajar karakter tolak keras tolak judi online amp bijak media sosial pelajarpenggerakmerahputih pelajarsehatcerdasberkarakter,positif
dalam kamus indonesia g kolff amp co bandung kata merdeka asal dari bahasa sansekerta yakni maharddhikeka lalu serap jadi merdeheka kata merdeka milik arti lepas dari hamba tiada ikat pada sesuatu,netral
jokowi playbook entah itu pertalite sampai ke kurikulum merdeka cara main begini melulu emang,negatif
hasil kurikulum merdeka bukan ini,netral
the us and indonesia is scarily similar ini the bad pa sometimes indotwt has similar concerns with kurikulum merdeka i swear,negatif
majesticdemons pas banget kurikulum baru akan luncur bulan ini oleh mas menteri nadiem beri porsi besar untuk didik karakter profil ajar pancasila dari waktu ajar non mapel,positif
kalau rakyat satu turun ke jalan kalau sekarang hanya preman bayar yang turun ke jalan,negatif
ronta komunis silungkang mestika zed ajar komunisme yang kembang di sana rupa adon antara teologi islam dan radikalisme marxisme maka hasil ialah islam revolusioner mestika zed baca unduh dan sebar,positif
