preprocessed_text,label_sentiment
hah ini buku teks terbit mana di buku teks kurikulum merdeka terbit kemdikbudristek semua materi sudah punya perspektif tara gender kerja rumah laku dengan gotong royong di ilustrasi pun yang sapu amp kepel bukan cuma anak perempuan,negatif
untuk temanteman yang sulit paham kurikulum merdeka saya bantu lalu kronologi sulit besar karena sampai final sebut kurikulum merdeka menteri terbit banyak nama kurikulum kurikulum merdeka ganti kurikulum inspirasi dari,negatif
kurikulum merdeka adalah kurikulum tergajelas anak kelas sd suruh bikin prakarya dan jual terus hitung untung rugi permisi anak saya masih ndusel ke leher saya kalau mau tidur suruh cari laba hasil jual gantung kunci,negatif
ini hasil karya kurikulum merdeka rezim sekarang apa terus kita diam saja pasrah enggak ikut politik an,negatif
baca alas hapus jurus kurikulum merdeka ini saya tuju dulu nyaksiin sendiri teman maksa pindah ke swasta supaya dapat jurus ipa padahal dia enggak mau,negatif
gue saudara lakilaki korban ubah kurikulum merdeka,negatif
hasil kurikulum merdeka nadiemmakarim panjang osis banyak yang enggak tau kurikulum gagal dan menteri gagal,negatif
selamat atas luncur sastra masuk kurikulum baca sastra kini jadi bagi dari kurikulum merdeka banyak judul telah rasi oleh para kurator pilih mana yang masuk jenjang didik sd sampai hingga sma lengkap bisa kepo,negatif
adiemappunya tanyakanrl daripada misuh lebih arah kaget telah baca struktur kurikulum merdeka transisi jauh banget beda banget sampai anak sama bisa pilih mapel pilih tuh woow mana bates transisi cuma sampai moga kejar deh siap tenaga dan fasilitas ajar nya,negatif
un yang baik kualitas soal amp tuju asesmennya untuk meta bahkan dipretelin zonasi beranta bikin anakanak enggak sekolah amp kurikulum merdeka implementasi bikin sulit guru snbt uji mata ajar hilang dosa jokowi paling akbar itu nadiem,negatif
output didik kurikulum merdeka kemdikbud ri besut nadiemmakarim sih menteri didik gagal kurikulummerdeka,negatif
kurikulum merdeka kalau ada yang rumit kapai pilih yang gampang ngik,negatif
guyss kalian yang sama nya pakai kurikulum merdeka pusing juga enggak sih sama tugas,negatif
kurikulum merdeka itu letak merdeka mana ya,negatif
smenjak kurikulum merdeka saya jadi takut sekolah bejir rasa kayak enggak tenang gelisah dan waswas melulu kalo mau berangkat,negatif
gue sebel sama beban kelompok anjenkkkkkkk kurikulum merdeka kenapa kelompok melulu sih tugas syal,negatif
belakang sedikit ikut topik tentang kurikulum merdeka baru ingat dulu gue pas kuliah pernah tulis curhatan tentang kurikulum yang nyata mirip dengan konsep kurikulum merdeka sekarang untung ada wayback machine jadi bisa lihat lagi postingan lama gue repost lagi sini,negatif
mdy iya bagaimana iya beliau kan lebih expe di bisnis tapi taruh di bagi didik tuh kayak bagaimana begitu dari awal juga yang waktu sama pak anies saja yang kurtilas rasa beban padahal pak anies ahli apalagi ini kurikulum merdeka cerita tapi bahkan bikin pusing,negatif
makin kuat prasangka gue dan zonasi kurikulum merdeka enggak ada asesmen standar untuk mapel finladia wannabe pmm abai hadap kapasitas guru pegang itu semua adalah skema nadiem untuk busuk negeri,negatif
ini kurikulum merdeka orang tua asal percaya aja anak jadi rusak,negatif
hasil kerja kurikulum merdeka nadiem bagai mendikbud lulus sekolah indonesia tidak aku dan harus tempuh proses khusus untuk dapat lanjut di university of twente terima kasih pak jokowi,negatif
kurikulum didik nusantara anak kelas sd diniyah plus kurikulum merdeka baru masuk paksa tulis tentang definisi kode etik dalam tik di mata ajar tik apa urgensi begitu lho kirakira sih nadiemkarim paham enggak perkara etik tik ini,negatif
indonesia darurat keras seksual di sekolah kurikulum merdeka bisa apa,negatif
dulu mikir itu sudah yang buruk tapi masih ada kurikulum merdeka yang nyata lebih buruk,negatif
tahun masa perintah presiden joko widodo telah keluar bijak zonasi dan kurikulum merdeka dengan tuju tingkat kualitas didik namun jauh mana perintah telah beri dukung yang pada bagi sekolah guru dan siswa dalam implementasi bijak,negatif
zakkafm irwndfrry un hapus dan zonasi kenapa tetap tahan karena biaya un dan seleksi sekolah itu biaya besar masuk kurikulum merdeka jadi paksa kreatif dengan modal sendiri,negatif
kurikulum merdeka is fucking shit untung masih pakai,negatif
soundofyogi gue kira gue doang yang bingung sama korelasi apa garagara habis pusing beres lapor ini dampak kurikulum merdeka apa biasa komparasi dapat yang tidak apple tapi apple,negatif
penjara kan dia yang rusak generasi indonesia emas jadi indonesi cemas dengan tuju makin banyak yang bakal jadi driver aplikasi sudah begitu tarif driver buat murah mungkin dan biaya layan besar mungkin bangkai memang kurikulum merdeka bahkan bikin sengsara,negatif
negativisme hapus kan kurikulum merdeka kembali marwah guru yang injak sistem dan tidak bisa beri disipliner kepada siswa yang masalah mental,negatif
cara menjawa soal latih pecah kelas sd kurikulum merdeka,negatif
nenkmonica nadiemmakarim rill rasai banget susah kurikulum merdeka guru bingung plus banyak administrasi jadi enggak fokus ajar ke anak,negatif
kur merdeka saya rasa standar internasional but not the best for us jadi gimana pilih salah satu pondasi yang turut perintah baik kurang tambah jangan ubah ganti presiden kurikulum jangan ganti sistem didik baik tetap for long term jangan ikut periode presiden,negatif
kumpar setujuuuuuu pak kurikulum merdeka adalah kurikulum paling amburadul kurikulum paling bodoh yang pernah ada di republik indonesia,negatif
kurikulum merdeka bukan merdeka bahkan tambah derita hari minggu bukan buat hiling bahkan buat ngerjain tugas yang bikin pusing,negatif
gelap terang implementasi kurikulum merdeka,negatif
lho kalau begitu mimind sudah laksana kurikulum merdeka dari tahund dong yakin deh kanan dan kiri itu diajarkand cumand yang pendek djadi favorit karena kalian sendiri,negatif
saya lihat kurikulum merdeka itu kurang efektif anakanak jadi jarang tulis namun suka presentasi amp itu materi banyak lihat copas dari google benarbenar enggak ada beda kalimat dengan google telah itu presentasi pun bukan paham bahkan kayak angin lewat doang,negatif
mulai ada perspektif kurikulum merdeka itu karena ikut finland itu dari mana ya tau gue kenapa muncul kurikulum merdeka ini dasar butuh yang akan hadap siswa di abad,negatif
salah satu hasil dari kurikulum merdeka miris itu dulu anakanak sd juga sudah hafal dar seperti itu buka uud uud gbhn dll kalo bocah sekarang dari pancasila juga masih belepotan,negatif
tanyakanrl dokter lulus kurikulum merdeka entar begini ini banyak atau lebih parah wkwkwkwkwk,negatif
hmmapanamanya sheandwhite ridwanhr tapi dengan logika kayak begitu harusny lulus kurikulum merdeka sudah bisa hitung dasar karena itu dasar banget buat cari duit tapi nyata kan masih banyak yang keteter untuk prhitungan dasar doang bayang hitung dasar saja masih belum bisa bagaimana mau survive di dunia penuh ini,negatif
taka bibit rusa sudah mulai sejak benar saat peran guru dalam kbm reduksi jadi beri feedback instead of ajar parah sama sistem full day tahun yang bikin kbm makin enggak efektif kurikulum merdeka cuma lanjut busuk yang sudah ada cuma beda kemas aja,negatif
shintaeffendi elisa jkt itu judul kurikilum merdeka tuju bodoh lokal siswasiswi tidak standar nasional sd sampai sama,negatif
zanatul di mana saya bisa dapat naskah akademik atau informasi kait kurikulum merdeka ini pak atau ada bahan baca yang dapat tuntun saya dalam paham kurikulum merdeka ini terima kasih banyak,negatif
sumpah kurikulum sekolah sekarang memang kacau bgt soal kalau di banding jaman yang pakai ktsp sampai ke mix tuh jauh lebih mending daripada tiga adek adekku yang masih sd pakai kurikulum merdeka bahkan buku paket sama lks saja iya allah kayak bagaimana iya jelas beda bgt,negatif
kemendikbud bicara soal sekolah yang terap kurikulum merdeka lama tahun sebut alami tingkat kompetensi literasi bagaimana turut kamu detikers gtgt detikcom,negatif
nakmandiri selain itu kurikulum merdeka tidak beban murid dengan pr sehingga banyak anak sekarang banyak waktu luang yang guna untuk hal ini juga rupa peran penting orang tua dalam didik anak orang tua sekarang terlalu lelah cari cuan tahu sendiri sekarang saing kerja,negatif
tapi jadi penasaran juga yang salah di kurikulum merdeka itu bagaimana kok yang sebar di internet sekarang jadi gitu pengin ngecek apakah memang sekarang jadi bodoh itu atau benar makin banyak yang pintar tapi tutup sama konten,negatif
nenkmonica nadiemmakarim gara gara kurikulum merdeka tuh banyak yang nyepelein pasti bakal bilang paling lulus semua ckckckck,negatif
kurikulum merdeka baru tahun laku untuk seluruh sekolahbuat gue justru ini masalah karena pandemi kemarin,negatif
kumpar iya begitu kalau menteri didik dengan tahu amp alam ngakali dengan yang anehaneh yang mau untung sendiri iya jadi rusak didik kita kurikulum merdeka itu sama sistem mitra ojol iya pak alibi juga sama enggak paksa kata,negatif
mdy jelas gagal realitanya ini orang bikin bagi siswa jadi tambah malas sejak un di hapus bikin kurikulum merdeka yang ribet banyak giat tapi bukan bagai tolak ukur lulus atau tidak ya siswa pada mikir kapai giat ini itu toh juga tetap lulus,negatif
nenkmonica nadiemmakarim kurikulum merdeka namun apa yang merdeka para ajar makin sulit memanage waktu makin malas makin setress attitude tata krama turun salah gaul kembang gagal pol deh,negatif
nenkmonica nadiemmakarim bahkan total turut saya sih kurikulum merdeka yang tukertukeran mahasiswa beda prodi bahkan bikin pusing enggak linier ilmu kalau lihat kurikulum bingung mau sebut sarjana apa,negatif
cerna dua kalimat ini itu butuh logika matematika sederhana kalau ambil salah satu terus jengkel coba cek lagi nilai matematika smanya eh lupa kan kurikulum merdeka iya,negatif
salah satu klaim yang paling bikin sakit kepala adalah klaim bahwa kurikulum merdeka itu asal dari guru ingat kami sejak semua ubah itu format buat dulu oleh tim khusus baru kemudian bagai organ prof guru undang untuk validasi,negatif
tampak anak smk kelas hari ini adalah hasil waris lulus sd pandemi dengan privilage lulus plus kurikulum merdeka nadiemmakarim yang benarbenar merdeka alias kondisi bodoh sudah begini masih ikut buat pandemi lagi pak prabowo stopplandemit,negatif
kurikulum merdeka aneh,negatif
salah satu wujud kurikulum merdeka,negatif
sumpah kurikulum merdeka buat saya stres anjirttt tiap hari presentasi melulu,negatif
kurikulum merdeka maksud bagaimana ya aku sudah search gugel masih bingung jg terima kasih,negatif
akan tidak bosan timbul polemik dan kontroversi kali ini kemendikbudristek pimpin nadiem kembali buat heboh kemedikbud banyak rekomendasi karya sastra murah yang umbar adegan seksualitas dan persenggamaan bagai bahan baca cara resmi untuk guru dan,negatif
salah satu hasil kurikulum merdeka entah buta huruf entah buta entah,negatif
jakarta post maret dua tahun lalu saat itu nadiem makarim nyata bahwa kurikulum ini pilih yang tidak paksa kenyataanya sekolah yang tidak segera terap segera tinggal oleh semua program menteri kini prediksi bukti paradoks bebas semu,negatif
anak smk kelas hari ini adalah anakanak waris lulus sd pandemi dengan privilage lulus dengan kurikulum merdeka nadiemmakarim yang benarbenar merdeka dari ilmu dasar alias kondisi bodoh tapi coba tanya mereka apa yang viral di tiktok hari ini jago deh,negatif
nenkmonica nadiemmakarim kurikulum merdeka tuh kurikulum terngga jelas guru bingung murid bingung menteri cuma cuap cuap doang lagi,negatif
revonugroho tanyarlfes korban sistem didik memang kurikulum merdeka sudah dari kapan tahun lalu di video itu sama ada beberapa basic knowledge sampai tetap saja dia enggak tau jawab masih clear memang bloon saja malas enggak mau ajar apa karena sistem ini semua siswa jadi bego ada juga yang pintar,negatif
nadiemmakarim prabowo stopplandemit sumandogaek mamakchayank seekracle bukanantarkota dokter kampung pongrekundharma faraz kepri kurikulum merdeka itu baru banget mandatori sekolah pakai kurmer itu juga baru tahun belakang sedang anak smk sekarang kelas sudah sd sejak pola didik sudah bobrok jauh belum itu kurmer hanya finishing bobrok tsb,negatif
baca ini gue o r o anjir kamu guru paud kemang enggak mau napak lihat lingkung sekitar kalau kurikulum merdeka tuh jelek banget njinkk salah anak sama orang tua yang gasiap iya memang indonesia gasiap pakai kurikulum giniann,negatif
kurikulum merdeka anak jual dagang buang,negatif
pernah saya sampai saat panja kurikulum merdeka di komisi kali bahwa hilang materi sejarah minat wawas global sangat kontradiktif dengan gagas bahwa kurikulum merdeka arah pada saing global dasar untuk saing seperti tahu sejarah wawas,negatif
kalo kurikulum merdeka begitu baru pkl pas kls awal jadi satu semester itu full pkl makanya enggak ada kasih materi dari sekolah kalo aku tuh mau les juga susah bagi waktu,negatif
padahal gen saja itu generasi yang paling apes sambut krismon kurikulum ktsp dadak ganti lalu ganti lagi jadi kurikulum merdeka belum lagi awal sambut pandemi global imbas usaha pada bangkrut tapi disalahin mulu,negatif
contoh deskripsi rapor kurikulum merdeka semester sdsma catat wali kelas untuk orang tua lewat tribunnews deskripsi rapor kurikulummerdeka sekolah didik,negatif
debordsbitch testimoni saya bagai anak sama kurikulum merdeka coba ribet keluar duit banyak guru jadi malas ajar dengan kedok kurikulum merdeka fakta tugas banyak tapi materi enggak nyangkut di otak kejarkejaran antara akademik sama projek antarsekolah tuh bedabeda,negatif
jangan sampai bijak kampus merdeka yang lama ini laksana rupa jadi salah satu strategi perintah mandul gera mahasiswa orientasi semua mahasiswa jadi kerja magang dan jadi profesional di luar kampus jadi malas organ dan jadi aktor gera,negatif
ini enggak bisa cuma jadi tugas kemendikbud doang kurikulum merdeka itu shortterm solution ini the paling literal sense hanya laku lama tahun dan itu masih enggak efektif untuk selesai masalah labor force mismatch belum lagi mindset bijak salah anggap,negatif
beda dapat doa qunut dalam salat subuh kunci jawab pai kelas hal kurikulum merdeka,negatif
harry poeze amp hank schulte nordholt merdeka the struggle for indonesia independence and the republic si precarious rise amsterdam amsterdam university press unduh sejarahindonesia catatanindonesia catatannusantara,negatif
jiwa merdeka malaysia madani sempena bulan merdeka tahun ini mari kita beristiqamah jiwa merdeka merdeka dari sikap assabiyah merdeka dari rasuah merdeka dari kaum merdeka dari tabiat sifat yang buruk jiwa merdeka malaysia madani kpkt gov,negatif
yang begini bukan praktek mapel biasa tapi kayak ala kurikulum merdeka,negatif
bang mbak vindhtr ini pernah misu soal kurikulum merdeka soal anak dia kelas sd suruh bikin prakarya terus jual habis itu hitung labarugi turut kamu saja sudah having sex atau belum tanya tolol juga sih ini korelasi apa,negatif
ndrypd ortu yang ada mungkin enggak suka lihat hal yang muluk susah jadi simpul kurikulum merdeka di anak sd sesuai sama amat masih belum tepat karena orang tua bagai dukung juga masih kurang bahkan yang lihat lebih effo tuh guru tak waktu itu,negatif
jokowi playbook entah itu pertalite sampai ke kurikulum merdeka cara main begini melulu emang,negatif
the us and indonesia is scarily similar ini the bad pa sometimes indotwt has similar concerns with kurikulum merdeka i swear,negatif
kalau rakyat satu turun ke jalan kalau sekarang hanya preman bayar yang turun ke jalan,negatif
guyssss here we gooo angkat pertama kurikulum merdeka sudah proyek akhir saja,netral
ini soal sas matematika kelas semester kurikulum merdeka,netral
enggak tau kenapa sender rasa semenjak kurikulum merdeka banyak kerja kelompok kalian begitu juga ga,netral
soal ulang ips kelas dan kunci jawab sumatif tahun kurikulum merdeka semester lewat tribunnews,netral
soal ulang bahasa indonesia kelas semester amp kunci jawab kurikulum merdeka tahun lewat tribunnews,netral
baru tahu sekarang sekolah enggak pakai kurikulum merdeka lg tapi kurikulum deep learning wkwk,netral
beliau ini belum pernah dengar keluh siswa kurikulum merdeka kah,netral
dalam kamus indonesia g kolff amp co bandung kata merdeka asal dari bahasa sansekerta yakni maharddhikeka lalu serap jadi merdeheka kata merdeka milik arti lepas dari hamba tiada ikat pada sesuatu,netral
revonugroho tanyarlfes itu salah satu faktor saja sih tetap kunci iya dari ajar sendiri enggak semua orang juga garagara kurikulum merdeka jadi enggak bisa yang ada karena malas saja pada enggak mau ajar picu ya kurikulum merdeka ini,netral
soal ulang agama kristen kelas dan kunci jawab tahun kurikulum merdeka semester lewat tribunnews,netral
soal ulang agama kristen kelas semester kurikulum merdeka lengkap kunci jawab tahun lewat tribunnews,netral
fisika kelas semester dinamika partikel by gabriellstrn materi kelas fisika dinamika partikel semester kurikulum merdeka kurmer,netral
gess ada yang tahu enggak paket mapel di kurikulum merdeka itu ada apa ajaa,netral
contoh soal uas pkn kelas semester kurikulum merdeka lengkap dengan jawab,netral
soal ulang antropologi kelas semester kurikulum merdeka lengkap kunci jawab tahun lewat tribunnews,netral
akak ada kurikulum merdeka,netral
ada yang punya catat materi seni tari kelas kurikulum merdeka enggak ya sender butuh banget soal t t,netral
soal uaspas pai kelas semester kurikulum merdeka dan kuncijawabannya,netral
kurikulum orang kurikulum merdeka,netral
kurikulum merdeka yang gadang bisa tingkat perata kualitas didik implementasi jauh dari harap bagaimana ngga benchmarking nya sama sistem finlandia tapi fasilitas kualitas amp sejahtera guru saja jauh dah bagus jadi proposal saja ini kurikulum merdeka,netral
kalau bahasa inggris nya kurikulum merdeka itu apa ya ada yang tau,netral
telah enggak ada kurikulum merdeka mungkin kampus bakal senang mahasiswa enggak kabur lagi di semeester bangkitkantimrobot,netral
ikut ini adalah beberapa contoh deskripsi rapor semester ganjil kurikulum merdeka jenjang sd sampai dan sma rapor kurikulum merdeka tidak hanya sekadar kumpul angka,netral
informasi yang bisa realtime joki kimia kls kurikulum merdeka yang tidak pakai ai zonaba zonauang zonajajan,netral
matematika lanjut kelas semester transformasi geometri guna matriks materi kelas matematika minat transformasi geometri semester kurikulum merdeka kurmer translasi,netral
kalau kurikulum merdeka butuh laptop banget enggak siii,netral
contoh soal ulang bahasa inggris kelas sd kurikulum merdeka dan kunci jawab uas sas lewat tribunnews arhan johny warisover afifah agaklaen banten tereliye rasulullah pramono eliano bahrain lanjutkanboikot welcomebackrenjun,netral
ciriciri kalimat deklaratif dan contoh materi bahasa indonesia kurikulum merdeka lewat tribunnews arhan johny warisover afifah agaklaen banten tereliye miftah rasulullah pramono eliano bahrain lanjutkanboikot welcomebackrenjun,netral
dengan kurikulum merdeka saat ini jika gaji guru akan ada tingkat signifikan kualitas didik didik itu bukan tentang kurikulum tapi tentang pimpin sekolah dan orangorang di sekolah,netral
soal ulang sejarah kelas semester kurikulum merdeka lengkap kunci jawab tahun lewat tribunnews,netral
telah terbit matematika smpmts kurikulum merdeka bukuerlangga klubbuku,netral
soal uji mtk kelas sd kurikulum merdeka semester tahun dan kunci jawab sumatif lewat tribunnews,netral
soal uji pjok kelas sd kurikulum merdeka semester tahun dan kunci jawab sumatif lewat tribunnews,netral
soal pas uas sas informatika kelas semester kurikulum merdeka lengkap dengan link download pdf,netral
soal uas sejarah indonesia kelas semester dan kunci jawab baru kurikulum merdeka lewat tribunnews uji uas sejarah kuncijawaban kurikulummerdeka,netral
sch sender kurmer kurikulum merdeka dominan soshum kirakira bisa enggak iya snbp linjur ke saintek geo ugm kata snbp sekarang enggak bisa linjur terima kasih yang sudah mau jawab,netral
guyss ada yang punya materi geografi kelas kurikulum merdeka ga aku cari enggak nemu kalau ada yang nemu tolong kirim kalau out of topic bilang iya biar aku tadi,netral
podcast saya dengan kompas kena implementasi kurikulum merdeka dan masalahmasalahnya di lapang,netral
aleamsbarra jangan sampai nadiem tahu produk ini nanti guru guru kurikulum merdeka wajib pakai kapur ini,netral
dampak instan kurikulum merdeka,netral
soal ulang bahasa inggris kelas dan kunci jawab tahun kurikulum merdeka semester lewat tribunnews,netral
pak ini buku enggak ada yang lebih update hah kenapa emang presiden sekarang kan pak prabowo buku ips mu itu kurikulum merdeka terbit beliau bahkan belum ada dua bulan menjabaaaaaaattttt,netral
sheandwhite kurikulum merdeka telah pantau enggak jauh beda sama standar didik us salah satu jumlah tapi pakai metode aljabar buat didik dini plek ketiplek kesan kayak oh didik negara maju kayak begini pakai ah batas itu,netral
kurikulum merdeka merdeka kapan,netral
contoh soal ulang agama kristen kelas sd kurikulum merdeka dan kunci jawab uas sas arhan johny warisover afifah agaklaen banten tereliye miftah rasulullah pramono eliano bahrain lanjutkanboikot welcomebackrenjun,netral
kurikulum merdeka,netral
soal uji agama katolik kelas sd kurikulum merdeka semester tahun dan kunci jawab lewat tribunnews,netral
soal ulang bahasa jawa kelas semester lengkap kunci jawab kurikulum merdeka tahun lewat tribunnews,netral
soal ulang geografi kelas semester kurikulum merdeka lengkap kunci jawab tahun lewat tribunnews,netral
bagaimana dapat kalian tentang kurikulum merdeka,netral
sammisoh efek kurikulum merdeka admin enggak bisa beda negara kolombia dengan filipina,netral
soal ulang agama islam kelas dan kunci jawab tahun kurikulum merdeka semester lewat tribunnews,netral
implementasi kurikulum merdeka dalam tingkat kualitas didik baca cilacapdotinfo,netral
contoh soal ulang seni budaya kelas sd kurikulum merdeka dan kunci jawab sbdp arhan johny warisover afifah agaklaen banten tereliye miftah rasulullah pramono eliano bahrain lanjutkanboikot welcomebackrenjun,netral
kurikulum merdeka murid merdeka bebas mau paham apa enggak,netral
contoh soal ulang pjok kelas sd kurikulum merdeka dan kunci jawab uas sas lewat tribunnews arhan johny warisover afifah agaklaen banten tereliye miftah rasulullah pramono eliano bahrain lanjutkanboikot welcomebackrenjun,netral
sekolah baru punya silup kenapa enggak pakai kurikulum merdeka,netral
el sulfat kamentrader hasil dari kurikulum merdeka,netral
jika sebut kurikulum merdeka tidak bisa terap cara nasional beritasatu news berita,netral
soal ulang pkn kelas semester kurikulum merdeka lengkap kunci jawab tahun lewat tribunnews,netral
kurikulum merdeka nohh syal,netral
ketika murid smk kelas kali suruh tulis angka sembilan ribu satu kurikulum merdeka nadiemmakarim memang buat rusak generasi muda,netral
soal ulang bahasa inggris kelas semester lengkap kunci jawab kurikulum merdeka tahun lewat tribunnews,netral
kola kalian nerapin kurikulum merdeka gak,netral
temanteman ada yang mau bantuin sender buat isi kuisioner ga masih butuh responden lagi kriteria guru bahasa inggris kelas guna buku kurikulum merdeka,netral
soal ulang prakarya kelas semester lengkap kunci jawab kurikulum merdeka tahun lewat tribunnews,netral
tulis opini di kumpar yang kutip nyata saya,netral
milik bentuk molekul dan hibridisasi jawab kimia kelas hal kurikulum merdeka,netral
hukum salat gerhana kunci jawab pai kelas halaman kurikulum merdeka,netral
fisika kelas semester vektor by gabriellstrn materi kelas fisika vektor semester kurikulum merdeka kurmer,netral
enggak bisa kata guru beda mapel seko dulu dan yang sekarang dan memang iya sekolah aku dulu sudah ake kurikulum merdeka sedang yang sekarang masih pakai kurikulum ipa ips,netral
halo boleh minta tolong isi kuesioner aku kriteria siswa sama yang kena kurikulum merdeka terima kasihh,netral
memang iya kurikulum merdeka kayak gin siapa nih guru jelasin dong ini nama bukan merdeka tapi derita sc tt,netral
temanteman kurikulum merdeka tetap ada siswa eligible kan,netral
soal ulang bahasa sunda kelas semester lengkap kunci jawab kurikulum merdeka tahun lewat tribunnews,netral
halo sahabatdikbud apakah kalian tahu tentang kurikulum merdeka kurikulummerdeka merdekabelajar,netral
soal uaspas ipa kelas semester dan kunci jawab bentuk pilih ganda kurikulum merdeka lewat tribunnews,netral
ini hasil kurikulum merdeka,netral
contoh soal seni rupa kelas semester kurikulum merdeka,netral
workshop kurmer ini belum tuntas belum juga pada nyantol sudah dengar mau ganti kurikulum lagi sambut moga kurikulum merdeka bisa darah daging bagaimana mau darah daging baru suntik sudah ganti obat saja,netral
soal uaspassas bahasa indonesia kelas semester kurikulum merdeka dan kunci jawab,netral
soal ulang seni budaya kelas dan kunci jawab tahun kurikulum merdeka semester lewat tribunnews,netral
contoh soal ulang akidah akhlak kelas sd kurikulum merdeka dan kunci jawab uas sas arhan johny warisover afifah agaklaen banten tereliye miftah rasulullah pramono eliano bahrain lanjutkanboikot welcomebackrenjun,netral
tanyarl hogwarts pakai kurikulum merdeka gak,netral
siswa waji tahu ini beda aslim dan pts di kurikulum merdeka kurikulummerdeka siswa,netral
contoh soal agama kelas semester kurikulum merdeka serta kunci jawab,netral
soal ulang agama katolik kelas dan kunci jawab tahun kurikulum merdeka semester lewat tribunnews,netral
contoh catat wali kelas singkat rapor kurikulum merdeka semester sdsma penuh motivasi lewat tribunnews rapor walikelas kurikulummerdeka,positif
memang enggak jelas arah didik sekarang ini bilang merdeka nyata bahkan makin kekang dengan sistem yang rumit dan enggak jelas kata temen sistem kurikulum merdeka sekarang itu murid ajar sendiri guru sibuk administrasi kan ngaco,positif
contoh soal pas pjok kelas semester kurikulum merdeka yuk ajar,positif
partaisocmed pecat karena tidak bisa kerja cepat inovasi seperti nadiem makarim yang prestasi bikin kurikulum merdeka kurang subsidi naik ukt lalu sedia student loan seperti mau baginda,positif
mulyono mana kau jika sebut kurikulum merdeka ajar tidak cocok terap cara nasional,positif
partaisocmed itu fakta ya adik adik di kurikulum merdeka anak didik enggak boleh tinggal kelas jadi bamyak anak yang belum layak naik harus naik bahkan anak sd yang belum lancar baca harus tetap naik dan itu cukup prihatin,positif
leonardo dah vinci orang jenius nyaris tanpa didik formal selain hanya baca tulis apkh ini contoh idealisme kurikulum merdeka ajar memang harus didik adalah merdeka bukan jajah homo,positif
semua mahasiswa di indonesia lebih baik jangan daftar kampus ajar deh serius enggak worth it pihak kampus ajar juga enggak transparan satusatunya program kampus merdeka mbkm yang turut enggak sesuai dengan korban mahasiswa kemdikbud ri,positif
tenwayvx karena kurikulum merdeka itu orientasi pada proses nder bukan pada hasil acu adalah nilai para ajar dapat amat dan selesai masalah lalu lima aspek utama yaitu potensi diri daya diri tingkat diri paham diri peran sosial,positif
ajar tentang akikah dan kurban kunci jawab pai kelas halaman kurikulum merdeka,positif
dannidivendra nenkmonica nadiemmakarim yang paling aku rasai lama jadi guru itu di bagi kurikulum bahkan jujur saja aku masih ajar dengan prinsip banding kurikulum merdeka,positif
berapiapi jika kritik habis nadiem dan kurikulum merdeka semprot soal uji nasional merdeka apa ajar juga tidak saat kritik nadiem jik jelas kurikulum merdeka yang beri bebas ajar tanpa ada uji tidak akan,positif
tolak revisi uu kpk guru besar indonesia sebut tidak rela negara puruk,positif
sch nilai yang enggak diitung buat rata rata snbp nilai apa saja yaa yang kurikulum merdeka,positif
video jika kritik kurikulum merdeka nilai tidak cocok cara nasional,positif
nenkmonica nadiemmakarim kurikulum merdeka murid bebas buat onar suka,positif
begini cerita kita pikir positif bahwa menteri didik ingin baik didik indonesia maka rubah kurikulum nyata kurikulum sulit difahami maka buat program tambah sekolah sesuai sp dan latih cara sampling gp untuk,positif
mau fafifuwasweswos refleksi singkat kerja dekat sama guruguru dua bulan akhir buah thread tentang kurikulum merdeka i apa itu kurikulum merdeka ii tantang besar guru iii respons atas tantang sebut buat yang mau bacabaca,positif
mau singapore math cambridge kurikulum merdeka orang even kurikulum kalau anak gizi enggak bagus suka makan upf dan papar segera mungkin rokok dan lainlain iya gimana,positif
sahabatdikbud sudah tahu tentang sesuai bijak ajar di masa pandemi dalam ubah surat putus sama sk empat menteri izin ajar tatap muka luas ke zona kuning dari mula hanya zona hijau merdekabelajar bersamahadapikorona,positif
seekracle bukanantarkota nadiemmakarim prabowo stopplandemit sumandogaek mamakchayank dokter kampung pongrekundharma faraz kepri ngatrol nilai dari belum kurikulum merdeka alam pernah ajar smk dan tahun ajar,positif
mesti ajar sama mulyono kuasa dulu militer dan polisi sandera lawan politik dengan hukum lemah kpk uu cipta kerja yang bikin masyarakat jadi emis bansos ukt tinggi yang bikin rakyat putus asa dan bodoh kurikulum merdeka yang bikin enggak ajar,positif
telah kurikulum merdeka ajar sejarah smasederajat susut dari jp kurtilas susut jadi jp kurikulum merdeka ikut lembar sejarah darah yang hilang tread,positif
pada kurikulum merdeka sumber ajar sangat agam tidak hanya ajar di dalam kelas,positif
liaasister kurikulum merdeka merdeka mau pengin pintar apa goblog merdeka ke sekolah bawa buku atau sajam yang penting tiap tahun naik kelas,positif
siswa beri sempat gali potensi diri kurikulum merdeka layak tahan fraksidemokrat demokrat demokratjatim jawatimur jatim,positif
serius ini tehnik kurikulum merdeka nadiemmakarim kemdikbud asa main ular tangga kasih yang mudah buat yang susah pantas anak pada stres dan iq nya pun rendah di asean,positif
abdul mu ti akan evaluasi kurikulum merdeka ajar ppd zonasi dan tiada un,positif
kurikulum merdeka cocok untuk sekolah swasta mahal yang sudah wellestablished lebih lebih baik tiru tiongkok untuk di luar itu wkwk,positif
jika kritik kurikulum merdeka tidak cocok laku cara nasional,positif
gess tahu enggak kenapa gin karena sekarang kurikulum nya merdeka enggak ada sistem enggak naik kelas un tiada saya bagai guru juga pusing ubah terus kurikulum terus merdeka urus anak begini dan bikin administrasi banyak terus gaji kidding what di you think,positif
ikut kunci jawab pai kelas halaman dan kurikulum merdeka nilai tahu ba,positif
jika sebut kurikulum merdeka ajar tidak cocok terap cara nasional terima kasih puang jk klik untuk baca kompascom baca berita tanpa iklan download aplikasi,positif
nadiem makariem kembali buat gebrak bijak itu ia beri nama merdeka ajar kampus merdeka dalam papar bijak itu sebut tidak ada empat poin yang jadi program utama nadiem apa saja,positif
yang gagal itu sdm nya enggak sih kurikulum merdeka ini bagus loh benar tapi mental warga saja yang belum siap sekian puluh tahun di jajah iya mental nya mental budak bukan mental merdeka toh kalaupun ada kurang turut saya lebih ke dewasa sdm nya guru dosen dsb,positif
tuju indonesia cemas masmenteri nadiem makariem ini realita dari hasil kurikulum merdeka ajar,positif
di buku teks matematika kurikulummerdeka sudah benar iya konsep ajar tempat bilang dulu belum bisa kurang susun ini ajar kelas dan kelas sd unduh gratis buku teks,positif
qasimitv bagaimana kalau kamu saja yang ajar pakai kurikulum merdeka,positif
banyak opini sebut bahwa kurikulum merdeka bukan masalah didik kita hari ini saya kasih jelas singkat kenapa pada era merdeka ajar guru sulit paham kurikulum kurikulum canggih no banyak branding yes tread,positif
kurikulum merdeka bahkan bikin anakanak indonesia goblog apa lebih baik jajah aja,positif
this tweet basically summarises what happened with kurikulum merdeka ajar,positif
dengan kurikulum merdeka untuk bentuk generasi muda yang taat hukum dan milik nilainilai moral yang kuat utama kait anti korupsi dan anti bullying,positif
panggil temanteman yang lagi cari buku kurikulum merdeka di sibi ada kurikulum merdeka masuk audio booknya juga karena resmi dari kemendikbud jadi bisa jadi referensi untuk ajar dan cari materi moga manfaat iya buat yang lagi cari buat ajar,positif
nenkmonica nadiemmakarim kurikulum merdeka bikin ruwet guru yang sudah mbahmbah apalagi guru yang gagap teknologi mereka harus fokus ajar buat urus aplikasi aku enggak tau apa tapi mama selalu di depan laptop melulu dan ngeluh capek minta ajar aku daripada fokus ngajarnya dan akhir muridmurid lantar,positif
selamat atas luncur kurikulummerdeka hari ini prakarya nino dan tim yang harap buat giat ajar lebih hidup relevan dan senang dapat info masuk kalau mau baca naskah akademik di i sama a proud wife,positif
prabowo terima limpah pr yang begitu besar sektor didik mulai dari kurikulum merdeka hingga baik infrstruktur didik baca tulis hasanudin wahid sekjen pk dan anggota dprri yang artikel ini telah tayang di dengan judul nanti,positif
kenapa kurikulum merdeka jadi tinggal kelas bagai pilih akhir kurikulum merdeka jadi sistem tinggal kelas jadi pilih akhir karena kembang ajar tiap murid adalah fokus utama bukan hanya nilai semata kurikulummerdeka merdekabelajar,positif
dengan kurikulum merdeka ajar bukan lagi soal hafal tapi paham anakanak dorong untuk erti proses bukan hanya hasil sehingga ilmu lebih lekat dan relevan untuk masa depan mereka kurikulummerdeka medcomid mudamemberiarti,positif
materi ajar karakter tolak keras tolak judi online amp bijak media sosial pelajarpenggerakmerahputih pelajarsehatcerdasberkarakter,positif
ptn temanteman ada yang punya alam linjur di kurikulum merdeka coba share di reply dong temanteman soal aku pikir buat linjur,positif
joktug halo cari joki yang bisa buat alat evaluasi assesmen yang biasa jadi komponen perangkat ajar dalam buat modul kurikulum merdeka untuk modul sudah ada utama yang memang di spess ahli pgsd drop fee,positif
ratarata sekarang kurikulum merdeka kamu mulai search kurikulum merdeka temu menit per bulan minggu buat kelas istimewa dengan temu tiap hari per bulan lebih baik materi ajar dari kamu bukan buku siswa karena buku siswa pasti beda,positif
wkdtndmswl nenkmonica nadiemmakarim revisi turut saya juga bagus padu sekaligus transisi antara kurikulum lama ktsp yang lebih ke arah pemahamanpenguasaan teorimateri dan kurikulum merdeka yang lebih depan praktek dan terap dari teori,positif
tabuhberbunyi mboke ganes nik tipaah nah ini memang konsep kurikulum merdeka yang sekarang kak kurikulum cuma blue print tapi materi buat lagi oleh guru gantung butuh murid salut buat kakak moga lancar dan berkah terus didik anakanaknya,positif
kurikulum merdeka memang hebat selamat sambut indonesia ee mas,positif
tapi kurikulum merdeka enggak boleh ada anak sampai tinggal kelas inti biar bodo tetap naik kelas mba jadi murid mah suka jadi,positif
kurikulum merdeka masih bisa enggak naik kelas walau itu opsi akhir akhir tafsir bahwa kurikulum merdeka harus semua anak naik kelas padahal iya bisa saja sih enggak naik,positif
rill kurikulum merdeka ajar enggak ajar tetap merdeka ngomongngomong memang semir itu pernah bantu ngerjain pr keponakan sd kls doi kan iya harus jawab yang ada di soal itu ada semua iya sesuai bahan baca buku paket ini enggak bahkan yang ada aku repot harus cari dulu,positif
mdy kurikulum merdeka itu benar kayak i iya tapi ajar enggak beri bekal mampu ajar sistem i iya jadi sulit,positif
nenkmonica nadiemmakarim jujur program dia beberapa okay kayak kampus merdeka bagus untuk anak kuliah tapi kurikulum didik sd sampai smadll jujur gagal banget muridmurid pada enggak jelas enggak ada tahu tahu umum enggak pintar matematika gajelas apalagi semenjak ada istilah ipas makin aneh,positif
kurikulum merdeka jadi guru merdeka laku hal kreatif hadap serta didik keren damn kemdikbud ri,positif
salah satu hal yang perlu paham guru dalam buat lapor hasil ajar kurikulum merdeka adalah cara rumus deskripsi nilai rapor di dalam kurikulum merdeka,positif
wakil menteri daya perempuan dan lindung anak pppa veronica tan tekan penting ubah paradigma dalam didik anak usia dini paud lalu kurikulum merdeka,positif
contoh soal bahasa inggris kelas semester kurikulum merdeka bisa jadi referensi ajar,positif
sender anak kurikulum merdeka asli pusing banget mana full gambar kemarin hari ini dan besok full makalah sender bisa gila,positif
kurikulum merdeka buat sd itu pas bagi rapo ada sistem rangking enggak ya tia,positif
ajar pada kurikulum merdeka sulit benar bukan sulit lho tetapi lalu kurikulum merdeka ajar bukan lagi soal hafal tapi paham ingin tahu jelas lengkap yuk simak ulas ikut ini kurikulummerdeka merdekabelajar,positif
kumpar konsep asli mungkin enggak jelek amat terap yang beranta amp enggak pakai kira contoh mhs sastra masuk ke kuliah it merdeka ajar kata ikut kuliah yang enggak ada hubung itu anggap bagai telah ambil kuliah sesuai kurikulum di jurus asal aja kan,positif
barisanpemudari kurikulum merdeka murid merdeka bebas bebas mau erti apa enggak tetap bakal naik kelas dan lulus tepat waktu yeay itu belum ditanyain panjang bpupki sama ppki pki nya jadi partai yang onoh,positif
curvabax ndrypd saya punya adek sd dan pakai kurikulum merdeka memang telah saya cek di buku sekolah mereka hampir sejarah dan pkn itu sisip enggak ada benar benar enggak ada,positif
projek kurikulum merdeka ini enggak kerja dengan baik turut kls ada projek kewirausahaan tapi enggak dapat mapel pkwu kls dapat pkwu tapi enggak ada projek kurikulum merdeka turut kalian gmn,positif
yang sebenwrnya bikin saya gereget adalah anak paksa untuk naik kelas saat dia benar belum mampu kurikulum merdeka juga enggak bikin mereka jadi bisa ajar mandiri justru tambah males administrasi guru banyak tapi gaji kecil,positif
tobiin barisanpemudari kurikulum merdeka ajar bas projek enak ini enggak textbook bisa belaajr dari praktik lebih tempel di otak esensial sesuai bakat dan minat ini sih konsep yang bener,positif
mari bersamasama buat ajar yang tarik di kelas kita kurikulummerdeka pembelajaranmenarik source instagram asrulresa,positif
menbud fadli zon usul ajar sejarah jadi waji masuk kurikulum merdeka lewat koran bogor,positif
jusuf kalla kritik kurikulum merdeka tidak cocok terap cara nasional,positif
dalam merdeka ajar nadiem hapus uji nasional un bagai syarat kelulus bijak ini jadi salah satu yang paling kontroversial picu debat tentang standar kualitas didik,positif
zanatul bagaimana sejahtera pak insentif untuk guru swasta brsertifikasi kerap kali trlambat cair bahkan tidak cair tahun garagara kami anggap tidak penuh jam ajar dan pernah jadi kena deadline isi dapodik karena alih sistem ke kurikulum merdeka yang kacau,positif
permendikbudrisek kurikulum merdeka baru di uji publik tidak sesuai urut bijak sudah jalan atur susul hayo lama ini kalian jalan kurikulum makhluk apa hayo dalam ilmu sejarah ini sebut anakronisme etapi sejarah kan enggak penting iya lupa,positif
auxiliarywits banyak teman aku yang ajar yang gen alpha dan beta akan lebih ngeri lagi dari gen saja yang sekarang sudah remaja dan dewasa muda kurikulum merdeka sih nadiem benerbener sistemik rusak daripada dampak positif nya enggak sepenuh salah individu tapi benerbener korban dari sistem,positif
kriteria capai tuju ajar kktp bahasa inggris kelas sdmi fase a kurikulum merdeka kktpbahasainggris kktpkurikulummerdeka kriteriaketercapaiantujuanpembelajaran,positif
kurikulum merdeka anggap bakal bikin anakanak jadi progresif risk taker strategic thinker bla bla bla benerin tuh concept mastery baru integrated knowledge amp transfer set deh ibarat passing saja belum benar sudah omong pressing dan high defense line keblinger,positif
wapamungkas padahallll fungsi kurikulum merdeka salah satu adalah supaya siswa punya track record baik itu prestasi maupun balik jadi enggak usah cekcek medsos begini bagaimana kalau anak enggak punya medsos mau dipaksain juga,positif
kurikulum etika moral sejarah indonesia emosi saint dan teknologi mat fisika biologi kimia komputer bahasa indonesia bahasa asing kreativitas seni dan budaya sosial teori dan praktek ajar agama hapus masuk ke dalam giat ekskul siswa,positif
kegblgnunfaedh sepakatkurikulum didik lama tri nadiem enggak jelas arah dan kurikulum merdeka jauh anak didik dari didik moral dan adabpadahal ajar didik moral pancasila tetap butuh anak didik panjang jaman,positif
ajar sejarah tidak lagi waji pramuka bukan lagi ekstra kurikuler waji anak sampai tapi kali dasar di bawah saja belum bisa amp belum hapal jangan tanya jika hadap dengan sama kuadrat lalu apa yang mau tuju dari kurikulum merdeka,positif
jika sebut kurikulum merdeka ajar tidak cocok terap cara nasional,positif
